{
  "token_acc":0.9975078128,
  "token_p":0.9950280167,
  "token_r":0.9900274833,
  "token_f":0.9925214516,
  "tag_acc":0.7008641439,
  "pos_acc":0.8955530127,
  "morph_acc":0.7258809139,
  "morph_micro_p":0.8375885786,
  "morph_micro_r":0.8367601895,
  "morph_micro_f":0.8371741791,
  "morph_per_feat":{
    "AdpType":{
      "p":0.984089101,
      "r":0.9903923139,
      "f":0.9872306464
    },
    "Case":{
      "p":0.8110152621,
      "r":0.8050322751,
      "f":0.8080126934
    },
    "Animacy":{
      "p":0.6959349593,
      "r":0.6652849741,
      "f":0.6802649007
    },
    "Gender":{
      "p":0.8062783974,
      "r":0.8069450186,
      "f":0.8066115702
    },
    "Number":{
      "p":0.9136643522,
      "r":0.9187195363,
      "f":0.9161849711
    },
    "PronType":{
      "p":0.9713971397,
      "r":0.9832962138,
      "f":0.9773104593
    },
    "Reflex":{
      "p":0.9913043478,
      "r":0.9970845481,
      "f":0.9941860465
    },
    "Aspect":{
      "p":0.7412162162,
      "r":0.8054331865,
      "f":0.7719915552
    },
    "Polarity":{
      "p":0.850931677,
      "r":0.8890330954,
      "f":0.8695652174
    },
    "Tense":{
      "p":0.8869760479,
      "r":0.9518072289,
      "f":0.9182487408
    },
    "VerbForm":{
      "p":0.8465838509,
      "r":0.8844905905,
      "f":0.8651221834
    },
    "Degree":{
      "p":0.8654734411,
      "r":0.8454596729,
      "f":0.8553495007
    },
    "Gender[psor]":{
      "p":0.9636363636,
      "r":0.9906542056,
      "f":0.9769585253
    },
    "Number[psor]":{
      "p":0.9583333333,
      "r":0.9663865546,
      "f":0.9623430962
    },
    "Person":{
      "p":0.8345323741,
      "r":0.90625,
      "f":0.8689138577
    },
    "Poss":{
      "p":0.9740932642,
      "r":0.9842931937,
      "f":0.9791666667
    },
    "NumForm":{
      "p":0.9913294798,
      "r":0.9074074074,
      "f":0.9475138122
    },
    "Mood":{
      "p":0.771978022,
      "r":0.8515151515,
      "f":0.8097982709
    },
    "Voice":{
      "p":0.4846153846,
      "r":0.3519553073,
      "f":0.4077669903
    },
    "Abbr":{
      "p":0.6744186047,
      "r":0.2685185185,
      "f":0.3841059603
    },
    "Hyph":{
      "p":0.5294117647,
      "r":0.3913043478,
      "f":0.45
    },
    "NumType":{
      "p":0.8305084746,
      "r":0.6282051282,
      "f":0.7153284672
    },
    "Foreign":{
      "p":0.4090909091,
      "r":0.1818181818,
      "f":0.2517482517
    },
    "Typo":{
      "p":0.0,
      "r":0.0,
      "f":0.0
    }
  },
  "sents_p":0.6133796699,
  "sents_r":0.6654099906,
  "sents_f":0.6383363472,
  "dep_uas":0.732967033,
  "dep_las":0.6510989011,
  "dep_las_per_type":{
    "case":{
      "p":0.8976,
      "r":0.8954509178,
      "f":0.896524171
    },
    "obl":{
      "p":0.5335533553,
      "r":0.566588785,
      "f":0.5495750708
    },
    "nmod":{
      "p":0.5747303544,
      "r":0.523141655,
      "f":0.5477239354
    },
    "expl:pv":{
      "p":0.7896825397,
      "r":0.8223140496,
      "f":0.8056680162
    },
    "advmod:emph":{
      "p":0.5752212389,
      "r":0.637254902,
      "f":0.6046511628
    },
    "nsubj":{
      "p":0.5286697248,
      "r":0.5872611465,
      "f":0.5564272782
    },
    "root":{
      "p":0.6973684211,
      "r":0.7492931197,
      "f":0.7223989096
    },
    "xcomp":{
      "p":0.6666666667,
      "r":0.5666666667,
      "f":0.6126126126
    },
    "obj":{
      "p":0.5755693582,
      "r":0.5483234714,
      "f":0.5616161616
    },
    "amod":{
      "p":0.8001469508,
      "r":0.8013245033,
      "f":0.8007352941
    },
    "mark":{
      "p":0.7413793103,
      "r":0.7610619469,
      "f":0.7510917031
    },
    "fixed":{
      "p":0.6896551724,
      "r":0.625,
      "f":0.6557377049
    },
    "det":{
      "p":0.8453947368,
      "r":0.9145907473,
      "f":0.8786324786
    },
    "advmod":{
      "p":0.6863207547,
      "r":0.7185185185,
      "f":0.7020506634
    },
    "advcl":{
      "p":0.5714285714,
      "r":0.4848484848,
      "f":0.5245901639
    },
    "cc":{
      "p":0.7738095238,
      "r":0.7286995516,
      "f":0.7505773672
    },
    "conj":{
      "p":0.4437299035,
      "r":0.4775086505,
      "f":0.46
    },
    "nummod":{
      "p":0.7792207792,
      "r":0.5070422535,
      "f":0.614334471
    },
    "cop":{
      "p":0.6634615385,
      "r":0.6509433962,
      "f":0.6571428571
    },
    "acl:relcl":{
      "p":0.6138613861,
      "r":0.496,
      "f":0.5486725664
    },
    "obl:arg":{
      "p":0.3886462882,
      "r":0.3101045296,
      "f":0.3449612403
    },
    "appos":{
      "p":0.2333333333,
      "r":0.2058823529,
      "f":0.21875
    },
    "expl:pass":{
      "p":0.125,
      "r":0.0833333333,
      "f":0.1
    },
    "csubj:pass":{
      "p":0.0,
      "r":0.0,
      "f":0.0
    },
    "det:numgov":{
      "p":0.8571428571,
      "r":0.8571428571,
      "f":0.8571428571
    },
    "dep":{
      "p":0.0214285714,
      "r":0.0576923077,
      "f":0.03125
    },
    "ccomp":{
      "p":0.303030303,
      "r":0.5882352941,
      "f":0.4
    },
    "orphan":{
      "p":0.1363636364,
      "r":0.125,
      "f":0.1304347826
    },
    "iobj":{
      "p":0.0,
      "r":0.0,
      "f":0.0
    },
    "flat:foreign":{
      "p":0.0,
      "r":0.0,
      "f":0.0
    },
    "nsubj:pass":{
      "p":0.2777777778,
      "r":0.1515151515,
      "f":0.1960784314
    },
    "csubj":{
      "p":0.2222222222,
      "r":0.1428571429,
      "f":0.1739130435
    },
    "parataxis":{
      "p":0.0,
      "r":0.0,
      "f":0.0
    },
    "acl":{
      "p":0.5,
      "r":0.3333333333,
      "f":0.4
    },
    "aux:pass":{
      "p":0.4,
      "r":0.1666666667,
      "f":0.2352941176
    },
    "aux":{
      "p":0.3333333333,
      "r":1.0,
      "f":0.5
    },
    "flat":{
      "p":0.0,
      "r":0.0,
      "f":0.0
    }
  },
  "speed":31982.3089982784
}