{
  "token_acc":0.9985682625,
  "token_p":0.9422248335,
  "token_r":0.9723513481,
  "token_f":0.9570510653,
  "tag_acc":0.9266337355,
  "pos_acc":0.9323046392,
  "morph_acc":0.9400522341,
  "morph_micro_p":0.9517647059,
  "morph_micro_r":0.9441097619,
  "morph_micro_f":0.9479217797,
  "morph_per_feat":{
    "PronType":{
      "p":0.989413891,
      "r":0.9848368029,
      "f":0.9871200412
    },
    "Number":{
      "p":0.9546327925,
      "r":0.9388976378,
      "f":0.9466998359
    },
    "Mood":{
      "p":0.9476117103,
      "r":0.9220389805,
      "f":0.9346504559
    },
    "Person":{
      "p":0.960162838,
      "r":0.9593259733,
      "f":0.9597442232
    },
    "Tense":{
      "p":0.9416701637,
      "r":0.9460370995,
      "f":0.9438485804
    },
    "VerbForm":{
      "p":0.9226519337,
      "r":0.9259884282,
      "f":0.92431717
    },
    "Gender":{
      "p":0.9974093264,
      "r":1.0,
      "f":0.9987029831
    },
    "Poss":{
      "p":0.9755351682,
      "r":0.9876160991,
      "f":0.9815384615
    },
    "Definite":{
      "p":0.9993485342,
      "r":0.9967511371,
      "f":0.9980481457
    },
    "Degree":{
      "p":0.9115755627,
      "r":0.9101123596,
      "f":0.9108433735
    },
    "Case":{
      "p":0.9661256175,
      "r":0.9627285513,
      "f":0.964424093
    },
    "ExtPos":{
      "p":0.9523809524,
      "r":0.9523809524,
      "f":0.9523809524
    },
    "Voice":{
      "p":0.5897435897,
      "r":0.8846153846,
      "f":0.7076923077
    },
    "NumType":{
      "p":0.9131205674,
      "r":0.8972125436,
      "f":0.9050966608
    },
    "Typo":{
      "p":0.1818181818,
      "r":0.0526315789,
      "f":0.0816326531
    },
    "Abbr":{
      "p":0.3529411765,
      "r":0.2608695652,
      "f":0.3
    },
    "Style":{
      "p":0.0,
      "r":0.0,
      "f":0.0
    },
    "Foreign":{
      "p":0.0,
      "r":0.0,
      "f":0.0
    },
    "Reflex":{
      "p":1.0,
      "r":1.0,
      "f":1.0
    }
  },
  "sents_p":0.7341437632,
  "sents_r":0.6687530091,
  "sents_f":0.6999244142,
  "dep_uas":0.8148387544,
  "dep_las":0.7732933579,
  "dep_las_per_type":{
    "root":{
      "p":0.8096486628,
      "r":0.7433798748,
      "f":0.7751004016
    },
    "mark":{
      "p":0.9035087719,
      "r":0.897882939,
      "f":0.9006870706
    },
    "nsubj":{
      "p":0.8623807132,
      "r":0.8715736041,
      "f":0.8669527897
    },
    "advcl":{
      "p":0.6403508772,
      "r":0.5793650794,
      "f":0.6083333333
    },
    "case":{
      "p":0.8722308089,
      "r":0.8905839032,
      "f":0.8813118168
    },
    "obl":{
      "p":0.6996935649,
      "r":0.6517602284,
      "f":0.6748768473
    },
    "nmod:poss":{
      "p":0.8820512821,
      "r":0.8935064935,
      "f":0.8877419355
    },
    "compound":{
      "p":0.5810473815,
      "r":0.6575729069,
      "f":0.6169461606
    },
    "cc":{
      "p":0.85,
      "r":0.8409090909,
      "f":0.8454301075
    },
    "advmod":{
      "p":0.7902523934,
      "r":0.7909407666,
      "f":0.7905964301
    },
    "conj":{
      "p":0.5921348315,
      "r":0.6106604867,
      "f":0.6012549914
    },
    "det":{
      "p":0.9288430201,
      "r":0.931880109,
      "f":0.930359086
    },
    "amod":{
      "p":0.8065810594,
      "r":0.799522673,
      "f":0.8030363564
    },
    "nmod":{
      "p":0.6585648148,
      "r":0.7408854167,
      "f":0.6973039216
    },
    "flat":{
      "p":0.6409090909,
      "r":0.5465116279,
      "f":0.589958159
    },
    "cop":{
      "p":0.8453608247,
      "r":0.8559498956,
      "f":0.8506224066
    },
    "obl:npmod":{
      "p":0.5714285714,
      "r":0.4081632653,
      "f":0.4761904762
    },
    "acl:relcl":{
      "p":0.6649484536,
      "r":0.5972222222,
      "f":0.6292682927
    },
    "aux":{
      "p":0.9487179487,
      "r":0.95,
      "f":0.9493585415
    },
    "ccomp":{
      "p":0.6268115942,
      "r":0.7456896552,
      "f":0.6811023622
    },
    "obj":{
      "p":0.8288942696,
      "r":0.8666666667,
      "f":0.847359736
    },
    "nsubj:pass":{
      "p":0.7216494845,
      "r":0.6930693069,
      "f":0.7070707071
    },
    "fixed":{
      "p":0.9038461538,
      "r":0.734375,
      "f":0.8103448276
    },
    "parataxis":{
      "p":0.1989528796,
      "r":0.1853658537,
      "f":0.1919191919
    },
    "dep":{
      "p":0.0,
      "r":0.0,
      "f":0.0
    },
    "compound:prt":{
      "p":0.7590361446,
      "r":0.7078651685,
      "f":0.7325581395
    },
    "aux:pass":{
      "p":0.8717948718,
      "r":0.9107142857,
      "f":0.8908296943
    },
    "nummod":{
      "p":0.7032520325,
      "r":0.6178571429,
      "f":0.6577946768
    },
    "xcomp":{
      "p":0.7780821918,
      "r":0.7955182073,
      "f":0.7867036011
    },
    "acl":{
      "p":0.5930232558,
      "r":0.5795454545,
      "f":0.5862068966
    },
    "expl":{
      "p":0.7586206897,
      "r":0.7213114754,
      "f":0.7394957983
    },
    "appos":{
      "p":0.2654028436,
      "r":0.3010752688,
      "f":0.282115869
    },
    "nmod:tmod":{
      "p":0.5789473684,
      "r":0.5945945946,
      "f":0.5866666667
    },
    "iobj":{
      "p":0.775,
      "r":0.756097561,
      "f":0.7654320988
    },
    "cc:preconj":{
      "p":0.8571428571,
      "r":0.6,
      "f":0.7058823529
    },
    "obl:tmod":{
      "p":0.5373134328,
      "r":0.5454545455,
      "f":0.5413533835
    },
    "csubj":{
      "p":0.375,
      "r":0.2608695652,
      "f":0.3076923077
    },
    "discourse":{
      "p":0.7173913043,
      "r":0.5409836066,
      "f":0.6168224299
    },
    "nmod:npmod":{
      "p":0.2,
      "r":0.0833333333,
      "f":0.1176470588
    },
    "csubj:pass":{
      "p":0.0,
      "r":0.0,
      "f":0.0
    },
    "list":{
      "p":0.124137931,
      "r":0.0717131474,
      "f":0.0909090909
    },
    "vocative":{
      "p":0.3,
      "r":0.2727272727,
      "f":0.2857142857
    },
    "reparandum":{
      "p":0.0,
      "r":0.0,
      "f":0.0
    },
    "det:predet":{
      "p":1.0,
      "r":0.84,
      "f":0.9130434783
    },
    "goeswith":{
      "p":0.0,
      "r":0.0,
      "f":0.0
    },
    "orphan":{
      "p":0.0,
      "r":0.0,
      "f":0.0
    },
    "flat:foreign":{
      "p":0.0,
      "r":0.0,
      "f":0.0
    },
    "dislocated":{
      "p":0.0,
      "r":0.0,
      "f":0.0
    }
  },
  "speed":38825.2574373632
}