{
  "token_acc":0.9985682625,
  "token_p":0.9422248335,
  "token_r":0.9723513481,
  "token_f":0.9570510653,
  "tag_acc":0.9313737398,
  "pos_acc":0.9370445344,
  "morph_acc":0.9438416066,
  "morph_micro_p":0.9544400318,
  "morph_micro_r":0.9475161646,
  "morph_micro_f":0.9509654954,
  "morph_per_feat":{
    "PronType":{
      "p":0.989927686,
      "r":0.9850938062,
      "f":0.9875048306
    },
    "Number":{
      "p":0.9561085006,
      "r":0.9399475066,
      "f":0.9479591297
    },
    "Mood":{
      "p":0.9440242057,
      "r":0.9355322339,
      "f":0.9397590361
    },
    "Person":{
      "p":0.962995338,
      "r":0.9601975596,
      "f":0.9615944137
    },
    "Tense":{
      "p":0.9465776294,
      "r":0.9561551433,
      "f":0.9513422819
    },
    "VerbForm":{
      "p":0.9263612377,
      "r":0.931051109,
      "f":0.9287002525
    },
    "Gender":{
      "p":0.9974093264,
      "r":1.0,
      "f":0.9987029831
    },
    "Poss":{
      "p":0.975308642,
      "r":0.9783281734,
      "f":0.9768160742
    },
    "Definite":{
      "p":0.9993485342,
      "r":0.9967511371,
      "f":0.9980481457
    },
    "Degree":{
      "p":0.9159127195,
      "r":0.9208132691,
      "f":0.9183564568
    },
    "Case":{
      "p":0.9674911661,
      "r":0.9627285513,
      "f":0.9651039831
    },
    "ExtPos":{
      "p":0.9473684211,
      "r":0.8571428571,
      "f":0.9
    },
    "NumType":{
      "p":0.945553539,
      "r":0.9076655052,
      "f":0.9262222222
    },
    "Voice":{
      "p":0.5833333333,
      "r":0.8974358974,
      "f":0.7070707071
    },
    "Typo":{
      "p":0.1333333333,
      "r":0.0263157895,
      "f":0.043956044
    },
    "Abbr":{
      "p":0.75,
      "r":0.3913043478,
      "f":0.5142857143
    },
    "Foreign":{
      "p":0.0,
      "r":0.0,
      "f":0.0
    },
    "Reflex":{
      "p":1.0,
      "r":0.75,
      "f":0.8571428571
    },
    "Style":{
      "p":0.0,
      "r":0.0,
      "f":0.0
    }
  },
  "sents_p":0.7179487179,
  "sents_r":0.7144920558,
  "sents_f":0.7162162162,
  "dep_uas":0.8179236789,
  "dep_las":0.7796274094,
  "dep_las_per_type":{
    "root":{
      "p":0.7790585975,
      "r":0.7809340395,
      "f":0.7799951912
    },
    "mark":{
      "p":0.9189873418,
      "r":0.904109589,
      "f":0.9114877589
    },
    "nsubj":{
      "p":0.8847780127,
      "r":0.8497461929,
      "f":0.8669083376
    },
    "advcl":{
      "p":0.6157760814,
      "r":0.6402116402,
      "f":0.6277561608
    },
    "case":{
      "p":0.8842760768,
      "r":0.8963703314,
      "f":0.8902821317
    },
    "obl":{
      "p":0.6797385621,
      "r":0.6926736441,
      "f":0.6861451461
    },
    "nmod:poss":{
      "p":0.8897435897,
      "r":0.9012987013,
      "f":0.895483871
    },
    "compound":{
      "p":0.6553106212,
      "r":0.6152398871,
      "f":0.634643377
    },
    "cc":{
      "p":0.8362183755,
      "r":0.8395721925,
      "f":0.837891928
    },
    "advmod":{
      "p":0.7849089332,
      "r":0.7883275261,
      "f":0.7866145154
    },
    "conj":{
      "p":0.5881057269,
      "r":0.6187717265,
      "f":0.6030491248
    },
    "det":{
      "p":0.9309407287,
      "r":0.9329700272,
      "f":0.9319542733
    },
    "amod":{
      "p":0.8033924441,
      "r":0.8289578361,
      "f":0.8159749413
    },
    "nmod":{
      "p":0.6915297092,
      "r":0.7122395833,
      "f":0.7017318794
    },
    "flat":{
      "p":0.6833333333,
      "r":0.476744186,
      "f":0.5616438356
    },
    "cop":{
      "p":0.8387755102,
      "r":0.8580375783,
      "f":0.8482972136
    },
    "obl:npmod":{
      "p":0.5675675676,
      "r":0.4285714286,
      "f":0.488372093
    },
    "acl:relcl":{
      "p":0.6813186813,
      "r":0.5740740741,
      "f":0.6231155779
    },
    "aux":{
      "p":0.9482993197,
      "r":0.9418918919,
      "f":0.9450847458
    },
    "ccomp":{
      "p":0.7012987013,
      "r":0.6982758621,
      "f":0.6997840173
    },
    "obj":{
      "p":0.8181818182,
      "r":0.8810126582,
      "f":0.8484355953
    },
    "nsubj:pass":{
      "p":0.7747747748,
      "r":0.8514851485,
      "f":0.8113207547
    },
    "fixed":{
      "p":0.8088235294,
      "r":0.859375,
      "f":0.8333333333
    },
    "dep":{
      "p":0.0,
      "r":0.0,
      "f":0.0
    },
    "compound:prt":{
      "p":0.7613636364,
      "r":0.7528089888,
      "f":0.7570621469
    },
    "aux:pass":{
      "p":0.8253968254,
      "r":0.9285714286,
      "f":0.8739495798
    },
    "nummod":{
      "p":0.695970696,
      "r":0.6785714286,
      "f":0.6871609403
    },
    "xcomp":{
      "p":0.8085714286,
      "r":0.7927170868,
      "f":0.8005657709
    },
    "parataxis":{
      "p":0.2252747253,
      "r":0.2,
      "f":0.2118863049
    },
    "acl":{
      "p":0.6594202899,
      "r":0.5170454545,
      "f":0.5796178344
    },
    "det:predet":{
      "p":0.875,
      "r":0.84,
      "f":0.8571428571
    },
    "expl":{
      "p":0.6388888889,
      "r":0.7540983607,
      "f":0.6917293233
    },
    "csubj":{
      "p":0.3,
      "r":0.3913043478,
      "f":0.3396226415
    },
    "iobj":{
      "p":0.6734693878,
      "r":0.8048780488,
      "f":0.7333333333
    },
    "appos":{
      "p":0.2247191011,
      "r":0.3225806452,
      "f":0.2649006623
    },
    "nmod:tmod":{
      "p":0.7857142857,
      "r":0.5945945946,
      "f":0.6769230769
    },
    "cc:preconj":{
      "p":0.6363636364,
      "r":0.7,
      "f":0.6666666667
    },
    "obl:tmod":{
      "p":0.6349206349,
      "r":0.6060606061,
      "f":0.6201550388
    },
    "list":{
      "p":0.1909090909,
      "r":0.0836653386,
      "f":0.1163434903
    },
    "discourse":{
      "p":0.7184466019,
      "r":0.606557377,
      "f":0.6577777778
    },
    "nmod:npmod":{
      "p":0.0625,
      "r":0.0833333333,
      "f":0.0714285714
    },
    "csubj:pass":{
      "p":0.0,
      "r":0.0,
      "f":0.0
    },
    "vocative":{
      "p":0.3333333333,
      "r":0.2727272727,
      "f":0.3
    },
    "reparandum":{
      "p":0.0,
      "r":0.0,
      "f":0.0
    },
    "goeswith":{
      "p":0.1764705882,
      "r":0.2307692308,
      "f":0.2
    },
    "orphan":{
      "p":0.0,
      "r":0.0,
      "f":0.0
    },
    "flat:foreign":{
      "p":0.0,
      "r":0.0,
      "f":0.0
    },
    "dislocated":{
      "p":0.0,
      "r":0.0,
      "f":0.0
    }
  },
  "speed":44512.6166592686
}