{
  "token_acc":0.9985682625,
  "token_p":0.9422248335,
  "token_r":0.9723513481,
  "token_f":0.9570510653,
  "tag_acc":0.9291657388,
  "pos_acc":0.9358816027,
  "morph_acc":0.9424649769,
  "morph_micro_p":0.9526232114,
  "morph_micro_r":0.9449613626,
  "morph_micro_f":0.9487768189,
  "morph_per_feat":{
    "PronType":{
      "p":0.9899458623,
      "r":0.9868928296,
      "f":0.9884169884
    },
    "Number":{
      "p":0.9551282051,
      "r":0.9385826772,
      "f":0.9467831612
    },
    "Mood":{
      "p":0.9358585859,
      "r":0.9260369815,
      "f":0.9309218789
    },
    "Person":{
      "p":0.962110172,
      "r":0.9590354445,
      "f":0.9605703477
    },
    "Tense":{
      "p":0.9456384324,
      "r":0.9460370995,
      "f":0.9458377239
    },
    "VerbForm":{
      "p":0.9193972734,
      "r":0.9267116683,
      "f":0.9230399808
    },
    "Gender":{
      "p":0.9897172237,
      "r":1.0,
      "f":0.9948320413
    },
    "Poss":{
      "p":0.9784615385,
      "r":0.9845201238,
      "f":0.9814814815
    },
    "Definite":{
      "p":0.9986979167,
      "r":0.9967511371,
      "f":0.9977235772
    },
    "Degree":{
      "p":0.9168900804,
      "r":0.9149277689,
      "f":0.9159078736
    },
    "Case":{
      "p":0.9634574842,
      "r":0.9641350211,
      "f":0.9637961336
    },
    "ExtPos":{
      "p":1.0,
      "r":0.8095238095,
      "f":0.8947368421
    },
    "Voice":{
      "p":0.6140350877,
      "r":0.8974358974,
      "f":0.7291666667
    },
    "NumType":{
      "p":0.9467889908,
      "r":0.8989547038,
      "f":0.9222520107
    },
    "Typo":{
      "p":0.3,
      "r":0.0789473684,
      "f":0.125
    },
    "Abbr":{
      "p":0.875,
      "r":0.3043478261,
      "f":0.4516129032
    },
    "Foreign":{
      "p":0.0,
      "r":0.0,
      "f":0.0
    },
    "Reflex":{
      "p":1.0,
      "r":1.0,
      "f":1.0
    },
    "Style":{
      "p":0.0,
      "r":0.0,
      "f":0.0
    }
  },
  "sents_p":0.7732123799,
  "sents_r":0.6976408281,
  "sents_f":0.7334851936,
  "dep_uas":0.8242054975,
  "dep_las":0.7845550945,
  "dep_las_per_type":{
    "root":{
      "p":0.8343949045,
      "r":0.756860857,
      "f":0.7937389548
    },
    "mark":{
      "p":0.8831942789,
      "r":0.9227895392,
      "f":0.9025578563
    },
    "nsubj":{
      "p":0.8732106339,
      "r":0.8670050761,
      "f":0.8700967906
    },
    "advcl":{
      "p":0.5808219178,
      "r":0.5608465608,
      "f":0.5706594886
    },
    "case":{
      "p":0.8863279204,
      "r":0.8900578643,
      "f":0.8881889764
    },
    "obl":{
      "p":0.7547806524,
      "r":0.6384395814,
      "f":0.6917525773
    },
    "nmod:poss":{
      "p":0.8946015424,
      "r":0.9038961039,
      "f":0.8992248062
    },
    "compound":{
      "p":0.6272727273,
      "r":0.6491063029,
      "f":0.6380027739
    },
    "cc":{
      "p":0.8392621871,
      "r":0.8516042781,
      "f":0.8453881885
    },
    "advmod":{
      "p":0.7985989492,
      "r":0.7944250871,
      "f":0.7965065502
    },
    "conj":{
      "p":0.6271576525,
      "r":0.6315179606,
      "f":0.629330254
    },
    "det":{
      "p":0.9387978142,
      "r":0.936239782,
      "f":0.9375170532
    },
    "amod":{
      "p":0.7829977629,
      "r":0.8353221957,
      "f":0.8083140878
    },
    "nmod":{
      "p":0.6376496192,
      "r":0.7630208333,
      "f":0.6947243628
    },
    "flat":{
      "p":0.6462882096,
      "r":0.5736434109,
      "f":0.6078028747
    },
    "cop":{
      "p":0.860040568,
      "r":0.885177453,
      "f":0.8724279835
    },
    "obl:npmod":{
      "p":0.5227272727,
      "r":0.4693877551,
      "f":0.4946236559
    },
    "acl:relcl":{
      "p":0.6459330144,
      "r":0.625,
      "f":0.6352941176
    },
    "aux":{
      "p":0.9523809524,
      "r":0.9459459459,
      "f":0.9491525424
    },
    "ccomp":{
      "p":0.6321428571,
      "r":0.7629310345,
      "f":0.69140625
    },
    "obj":{
      "p":0.8236677116,
      "r":0.8869198312,
      "f":0.8541243397
    },
    "nsubj:pass":{
      "p":0.8130841121,
      "r":0.8613861386,
      "f":0.8365384615
    },
    "fixed":{
      "p":0.9074074074,
      "r":0.765625,
      "f":0.8305084746
    },
    "goeswith":{
      "p":0.125,
      "r":0.0769230769,
      "f":0.0952380952
    },
    "parataxis":{
      "p":0.2643678161,
      "r":0.2243902439,
      "f":0.2427440633
    },
    "compound:prt":{
      "p":0.7319587629,
      "r":0.797752809,
      "f":0.7634408602
    },
    "aux:pass":{
      "p":0.875,
      "r":0.9375,
      "f":0.9051724138
    },
    "nummod":{
      "p":0.7346938776,
      "r":0.6428571429,
      "f":0.6857142857
    },
    "xcomp":{
      "p":0.7647058824,
      "r":0.8011204482,
      "f":0.7824897401
    },
    "acl":{
      "p":0.6494252874,
      "r":0.6420454545,
      "f":0.6457142857
    },
    "det:predet":{
      "p":0.8636363636,
      "r":0.76,
      "f":0.8085106383
    },
    "expl":{
      "p":0.8275862069,
      "r":0.7868852459,
      "f":0.8067226891
    },
    "dep":{
      "p":0.0,
      "r":0.0,
      "f":0.0
    },
    "appos":{
      "p":0.2601626016,
      "r":0.3440860215,
      "f":0.2962962963
    },
    "nmod:tmod":{
      "p":0.6363636364,
      "r":0.5675675676,
      "f":0.6
    },
    "iobj":{
      "p":0.6078431373,
      "r":0.756097561,
      "f":0.6739130435
    },
    "cc:preconj":{
      "p":0.8,
      "r":0.4,
      "f":0.5333333333
    },
    "obl:tmod":{
      "p":0.6,
      "r":0.5454545455,
      "f":0.5714285714
    },
    "csubj":{
      "p":0.44,
      "r":0.4782608696,
      "f":0.4583333333
    },
    "discourse":{
      "p":0.68,
      "r":0.5573770492,
      "f":0.6126126126
    },
    "nmod:npmod":{
      "p":0.25,
      "r":0.0833333333,
      "f":0.125
    },
    "csubj:pass":{
      "p":0.0,
      "r":0.0,
      "f":0.0
    },
    "list":{
      "p":0.204379562,
      "r":0.1115537849,
      "f":0.1443298969
    },
    "vocative":{
      "p":0.3076923077,
      "r":0.3636363636,
      "f":0.3333333333
    },
    "reparandum":{
      "p":0.0,
      "r":0.0,
      "f":0.0
    },
    "orphan":{
      "p":0.0,
      "r":0.0,
      "f":0.0
    },
    "flat:foreign":{
      "p":0.0,
      "r":0.0,
      "f":0.0
    },
    "dislocated":{
      "p":0.0,
      "r":0.0,
      "f":0.0
    }
  },
  "speed":43833.0446527011
}