{
  "token_acc":0.9993845571,
  "token_p":0.9868470855,
  "token_r":0.9912084779,
  "token_f":0.9890229735,
  "tag_acc":0.9314266679,
  "pos_acc":0.920928019,
  "morph_acc":0.8579790145,
  "morph_micro_p":0.910048339,
  "morph_micro_r":0.8936694542,
  "morph_micro_f":0.9017845313,
  "morph_per_feat":{
    "Case":{
      "p":0.930594373,
      "r":0.9207300212,
      "f":0.9256359172
    },
    "Number":{
      "p":0.9434898534,
      "r":0.9355904818,
      "f":0.9395235637
    },
    "Clitic":{
      "p":0.9060402685,
      "r":0.6887755102,
      "f":0.7826086957
    },
    "Mood":{
      "p":0.9150943396,
      "r":0.9176192353,
      "f":0.9163550482
    },
    "Person":{
      "p":0.9002998501,
      "r":0.8999625328,
      "f":0.9001311598
    },
    "VerbForm":{
      "p":0.8948374761,
      "r":0.8882562278,
      "f":0.8915347065
    },
    "Voice":{
      "p":0.9033383159,
      "r":0.8975247525,
      "f":0.9004221505
    },
    "InfForm":{
      "p":0.759375,
      "r":0.7558320373,
      "f":0.7575993765
    },
    "Tense":{
      "p":0.899661304,
      "r":0.9135855546,
      "f":0.9065699659
    },
    "PronType":{
      "p":0.9468965517,
      "r":0.9365620737,
      "f":0.9417009602
    },
    "Number[psor]":{
      "p":0.8582677165,
      "r":0.68125,
      "f":0.7595818815
    },
    "Person[psor]":{
      "p":0.8024316109,
      "r":0.7115902965,
      "f":0.7542857143
    },
    "Degree":{
      "p":0.8466830467,
      "r":0.8307618129,
      "f":0.8386468727
    },
    "PartForm":{
      "p":0.8331125828,
      "r":0.7921914358,
      "f":0.8121368625
    },
    "AdpType":{
      "p":0.9263565891,
      "r":0.865942029,
      "f":0.8951310861
    },
    "Derivation":{
      "p":0.7285807717,
      "r":0.6678657074,
      "f":0.6969033469
    },
    "Typo":{
      "p":0.0,
      "r":0.0,
      "f":0.0
    },
    "NumType":{
      "p":0.943738657,
      "r":0.9252669039,
      "f":0.9344115004
    },
    "Polarity":{
      "p":0.9561752988,
      "r":0.9677419355,
      "f":0.9619238477
    },
    "Connegative":{
      "p":0.8418079096,
      "r":0.7883597884,
      "f":0.8142076503
    },
    "Style":{
      "p":0.8980582524,
      "r":0.4780361757,
      "f":0.6239460371
    },
    "Abbr":{
      "p":0.8709677419,
      "r":0.7941176471,
      "f":0.8307692308
    },
    "Reflex":{
      "p":1.0,
      "r":0.6470588235,
      "f":0.7857142857
    },
    "Foreign":{
      "p":0.6666666667,
      "r":0.1904761905,
      "f":0.2962962963
    }
  },
  "sents_p":0.8597715736,
  "sents_r":0.8713826367,
  "sents_f":0.8655381667,
  "dep_uas":0.7850389089,
  "dep_las":0.7132461594,
  "dep_las_per_type":{
    "advmod":{
      "p":0.69216533,
      "r":0.7192307692,
      "f":0.7054385413
    },
    "root":{
      "p":0.8210191083,
      "r":0.8289389068,
      "f":0.82496
    },
    "aux":{
      "p":0.8247588424,
      "r":0.842364532,
      "f":0.8334687246
    },
    "obl":{
      "p":0.6038961039,
      "r":0.667218543,
      "f":0.6339800734
    },
    "cc":{
      "p":0.7965179543,
      "r":0.7904967603,
      "f":0.793495935
    },
    "conj":{
      "p":0.6146261298,
      "r":0.6306913997,
      "f":0.6225551394
    },
    "det":{
      "p":0.8213166144,
      "r":0.8213166144,
      "f":0.8213166144
    },
    "nsubj":{
      "p":0.7868061142,
      "r":0.8049382716,
      "f":0.7957689178
    },
    "acl:relcl":{
      "p":0.7821782178,
      "r":0.7417840376,
      "f":0.7614457831
    },
    "obj":{
      "p":0.6844229217,
      "r":0.7037344398,
      "f":0.6939443535
    },
    "xcomp":{
      "p":0.5634328358,
      "r":0.6398305085,
      "f":0.5992063492
    },
    "nmod:poss":{
      "p":0.7328519856,
      "r":0.7638758231,
      "f":0.7480423768
    },
    "acl":{
      "p":0.671641791,
      "r":0.6114130435,
      "f":0.640113798
    },
    "compound:nn":{
      "p":0.75,
      "r":0.7096774194,
      "f":0.729281768
    },
    "nmod":{
      "p":0.4444444444,
      "r":0.3492063492,
      "f":0.3911111111
    },
    "case":{
      "p":0.9026217228,
      "r":0.8637992832,
      "f":0.8827838828
    },
    "nsubj:cop":{
      "p":0.7771084337,
      "r":0.7288135593,
      "f":0.7521865889
    },
    "amod":{
      "p":0.8092672414,
      "r":0.7472636816,
      "f":0.7770305225
    },
    "cop":{
      "p":0.7877192982,
      "r":0.7636054422,
      "f":0.7754749568
    },
    "nmod:gobj":{
      "p":0.5333333333,
      "r":0.4682926829,
      "f":0.4987012987
    },
    "advcl":{
      "p":0.4641833811,
      "r":0.4462809917,
      "f":0.4550561798
    },
    "nummod":{
      "p":0.8679245283,
      "r":0.9019607843,
      "f":0.8846153846
    },
    "nmod:gsubj":{
      "p":0.1746031746,
      "r":0.2037037037,
      "f":0.188034188
    },
    "mark":{
      "p":0.8136363636,
      "r":0.8117913832,
      "f":0.8127128263
    },
    "aux:pass":{
      "p":0.875,
      "r":0.8936170213,
      "f":0.8842105263
    },
    "compound:prt":{
      "p":0.7058823529,
      "r":0.4,
      "f":0.5106382979
    },
    "cc:preconj":{
      "p":0.8461538462,
      "r":0.6470588235,
      "f":0.7333333333
    },
    "ccomp":{
      "p":0.7178217822,
      "r":0.6223175966,
      "f":0.6666666667
    },
    "csubj:cop":{
      "p":0.7,
      "r":0.3181818182,
      "f":0.4375
    },
    "flat:name":{
      "p":0.8359375,
      "r":0.7482517483,
      "f":0.7896678967
    },
    "appos":{
      "p":0.3465346535,
      "r":0.3465346535,
      "f":0.3465346535
    },
    "discourse":{
      "p":0.6666666667,
      "r":0.4,
      "f":0.5
    },
    "parataxis":{
      "p":0.4302325581,
      "r":0.4512195122,
      "f":0.4404761905
    },
    "xcomp:ds":{
      "p":0.5816326531,
      "r":0.4672131148,
      "f":0.5181818182
    },
    "fixed":{
      "p":0.612244898,
      "r":0.5555555556,
      "f":0.5825242718
    },
    "cop:own":{
      "p":0.6578947368,
      "r":0.6756756757,
      "f":0.6666666667
    },
    "dep":{
      "p":0.0,
      "r":0.0,
      "f":0.0
    },
    "orphan":{
      "p":0.1538461538,
      "r":0.0465116279,
      "f":0.0714285714
    },
    "vocative":{
      "p":0.5,
      "r":0.2727272727,
      "f":0.3529411765
    },
    "compound":{
      "p":0.6666666667,
      "r":0.7272727273,
      "f":0.6956521739
    },
    "goeswith":{
      "p":0.0,
      "r":0.0,
      "f":0.0
    },
    "flat":{
      "p":0.9191919192,
      "r":0.7711864407,
      "f":0.8387096774
    },
    "flat:foreign":{
      "p":0.0,
      "r":0.0,
      "f":0.0
    },
    "csubj":{
      "p":0.0,
      "r":0.0,
      "f":0.0
    }
  },
  "speed":40135.3193486621
}