{
  "token_acc":0.9993845571,
  "token_p":0.9868470855,
  "token_r":0.9912084779,
  "token_f":0.9890229735,
  "tag_acc":0.9348022653,
  "pos_acc":0.9265577047,
  "morph_acc":0.8464923758,
  "morph_micro_p":0.9159609663,
  "morph_micro_r":0.8892255484,
  "morph_micro_f":0.9023952771,
  "morph_per_feat":{
    "Case":{
      "p":0.9048373567,
      "r":0.8948290165,
      "f":0.8998053573
    },
    "Number":{
      "p":0.9459900586,
      "r":0.9364717979,
      "f":0.9412068647
    },
    "Clitic":{
      "p":0.8512396694,
      "r":0.5255102041,
      "f":0.6498422713
    },
    "Mood":{
      "p":0.9202869669,
      "r":0.9101300749,
      "f":0.9151803409
    },
    "Person":{
      "p":0.8902714932,
      "r":0.8846009741,
      "f":0.8874271753
    },
    "VerbForm":{
      "p":0.9204959883,
      "r":0.8982206406,
      "f":0.909221902
    },
    "Voice":{
      "p":0.9320020222,
      "r":0.9126237624,
      "f":0.9222111056
    },
    "InfForm":{
      "p":0.8419301165,
      "r":0.7869362364,
      "f":0.8135048232
    },
    "Tense":{
      "p":0.9082764505,
      "r":0.9153052451,
      "f":0.9117773019
    },
    "PronType":{
      "p":0.932052162,
      "r":0.9263301501,
      "f":0.9291823469
    },
    "Number[psor]":{
      "p":0.8695652174,
      "r":0.625,
      "f":0.7272727273
    },
    "Person[psor]":{
      "p":0.8510638298,
      "r":0.6469002695,
      "f":0.7350689127
    },
    "Degree":{
      "p":0.8786482335,
      "r":0.8273866924,
      "f":0.8522473305
    },
    "PartForm":{
      "p":0.8700787402,
      "r":0.8350125945,
      "f":0.85218509
    },
    "AdpType":{
      "p":0.8805970149,
      "r":0.8550724638,
      "f":0.8676470588
    },
    "Derivation":{
      "p":0.8445993031,
      "r":0.726618705,
      "f":0.7811795037
    },
    "NumType":{
      "p":0.9530685921,
      "r":0.9395017794,
      "f":0.9462365591
    },
    "Style":{
      "p":0.869047619,
      "r":0.3772609819,
      "f":0.5261261261
    },
    "Foreign":{
      "p":0.1304347826,
      "r":0.1428571429,
      "f":0.1363636364
    },
    "Polarity":{
      "p":0.9556451613,
      "r":0.9556451613,
      "f":0.9556451613
    },
    "Connegative":{
      "p":0.8424242424,
      "r":0.7354497354,
      "f":0.7853107345
    },
    "Typo":{
      "p":0.0,
      "r":0.0,
      "f":0.0
    },
    "Abbr":{
      "p":0.8518518519,
      "r":0.6764705882,
      "f":0.7540983607
    },
    "Reflex":{
      "p":1.0,
      "r":0.7058823529,
      "f":0.8275862069
    }
  },
  "sents_p":0.8742593812,
  "sents_r":0.8540192926,
  "sents_f":0.8640208198,
  "dep_uas":0.7671805738,
  "dep_las":0.6873624077,
  "dep_las_per_type":{
    "advmod":{
      "p":0.6435963777,
      "r":0.6378205128,
      "f":0.6406954282
    },
    "root":{
      "p":0.8232189974,
      "r":0.8025723473,
      "f":0.8127645718
    },
    "aux":{
      "p":0.824,
      "r":0.8456486043,
      "f":0.8346839546
    },
    "obl":{
      "p":0.5846754514,
      "r":0.6611479029,
      "f":0.6205646206
    },
    "cc":{
      "p":0.8037280702,
      "r":0.7915766739,
      "f":0.7976060936
    },
    "conj":{
      "p":0.6163522013,
      "r":0.5784148398,
      "f":0.5967812092
    },
    "det":{
      "p":0.7181008902,
      "r":0.7586206897,
      "f":0.737804878
    },
    "nsubj":{
      "p":0.7828668363,
      "r":0.7596707819,
      "f":0.7710944027
    },
    "acl:relcl":{
      "p":0.7302325581,
      "r":0.7370892019,
      "f":0.7336448598
    },
    "obj":{
      "p":0.6185647426,
      "r":0.6580912863,
      "f":0.6377161238
    },
    "xcomp":{
      "p":0.6512820513,
      "r":0.5381355932,
      "f":0.5893271462
    },
    "nmod:poss":{
      "p":0.6823248408,
      "r":0.8062088429,
      "f":0.7391116861
    },
    "acl":{
      "p":0.6713091922,
      "r":0.6548913043,
      "f":0.6629986245
    },
    "compound:nn":{
      "p":0.5816326531,
      "r":0.6129032258,
      "f":0.5968586387
    },
    "nmod":{
      "p":0.4388297872,
      "r":0.3273809524,
      "f":0.375
    },
    "case":{
      "p":0.8136200717,
      "r":0.8136200717,
      "f":0.8136200717
    },
    "nsubj:cop":{
      "p":0.6642335766,
      "r":0.6854990584,
      "f":0.6746987952
    },
    "amod":{
      "p":0.7752380952,
      "r":0.8099502488,
      "f":0.7922141119
    },
    "cop":{
      "p":0.7147595357,
      "r":0.7329931973,
      "f":0.7237615449
    },
    "nmod:gobj":{
      "p":0.7699115044,
      "r":0.4243902439,
      "f":0.5471698113
    },
    "mark":{
      "p":0.7868480726,
      "r":0.7868480726,
      "f":0.7868480726
    },
    "aux:pass":{
      "p":0.8666666667,
      "r":0.829787234,
      "f":0.847826087
    },
    "advcl":{
      "p":0.4615384615,
      "r":0.4132231405,
      "f":0.4360465116
    },
    "compound:prt":{
      "p":0.5357142857,
      "r":0.5,
      "f":0.5172413793
    },
    "cc:preconj":{
      "p":0.8181818182,
      "r":0.5294117647,
      "f":0.6428571429
    },
    "ccomp":{
      "p":0.6575342466,
      "r":0.6180257511,
      "f":0.6371681416
    },
    "nummod":{
      "p":0.7823529412,
      "r":0.8692810458,
      "f":0.8235294118
    },
    "csubj:cop":{
      "p":0.28,
      "r":0.3181818182,
      "f":0.2978723404
    },
    "flat:name":{
      "p":0.8022813688,
      "r":0.7377622378,
      "f":0.7686703097
    },
    "xcomp:ds":{
      "p":0.5185185185,
      "r":0.3442622951,
      "f":0.4137931034
    },
    "discourse":{
      "p":0.2857142857,
      "r":0.16,
      "f":0.2051282051
    },
    "parataxis":{
      "p":0.3125,
      "r":0.3658536585,
      "f":0.3370786517
    },
    "fixed":{
      "p":0.6571428571,
      "r":0.4259259259,
      "f":0.5168539326
    },
    "cop:own":{
      "p":0.6451612903,
      "r":0.5405405405,
      "f":0.5882352941
    },
    "appos":{
      "p":0.2608695652,
      "r":0.2376237624,
      "f":0.2487046632
    },
    "orphan":{
      "p":0.2,
      "r":0.0465116279,
      "f":0.0754716981
    },
    "dep":{
      "p":0.0,
      "r":0.0,
      "f":0.0
    },
    "vocative":{
      "p":0.375,
      "r":0.2727272727,
      "f":0.3157894737
    },
    "nmod:gsubj":{
      "p":0.2272727273,
      "r":0.0925925926,
      "f":0.1315789474
    },
    "flat":{
      "p":0.9032258065,
      "r":0.7118644068,
      "f":0.7962085308
    },
    "goeswith":{
      "p":0.0,
      "r":0.0,
      "f":0.0
    },
    "flat:foreign":{
      "p":0.0,
      "r":0.0,
      "f":0.0
    },
    "compound":{
      "p":0.6428571429,
      "r":0.8181818182,
      "f":0.72
    },
    "csubj":{
      "p":0.0,
      "r":0.0,
      "f":0.0
    }
  },
  "speed":11612.8232305408
}