{
  "token_acc":0.9993845571,
  "token_p":0.9868470855,
  "token_r":0.9912084779,
  "token_f":0.9890229735,
  "tag_acc":0.9120886964,
  "pos_acc":0.8992292321,
  "morph_acc":0.8103517994,
  "morph_micro_p":0.864218107,
  "morph_micro_r":0.8484022139,
  "morph_micro_f":0.8562371313,
  "morph_per_feat":{
    "Case":{
      "p":0.8449454814,
      "r":0.8428426583,
      "f":0.8438927599
    },
    "Number":{
      "p":0.9085226855,
      "r":0.9073883666,
      "f":0.9079551718
    },
    "Clitic":{
      "p":0.776,
      "r":0.4948979592,
      "f":0.6043613707
    },
    "Mood":{
      "p":0.9010727056,
      "r":0.893969255,
      "f":0.8975069252
    },
    "Person":{
      "p":0.8763001486,
      "r":0.8838516298,
      "f":0.8800596904
    },
    "VerbForm":{
      "p":0.8646761377,
      "r":0.8519572954,
      "f":0.8582695985
    },
    "Voice":{
      "p":0.876,
      "r":0.8673267327,
      "f":0.871641791
    },
    "InfForm":{
      "p":0.7516666667,
      "r":0.701399689,
      "f":0.7256637168
    },
    "Tense":{
      "p":0.8903527412,
      "r":0.9006878762,
      "f":0.8954904894
    },
    "PronType":{
      "p":0.9599156118,
      "r":0.9311050477,
      "f":0.9452908587
    },
    "Number[psor]":{
      "p":0.880733945,
      "r":0.6,
      "f":0.7137546468
    },
    "Person[psor]":{
      "p":0.6442307692,
      "r":0.5417789757,
      "f":0.588579795
    },
    "Degree":{
      "p":0.7751389591,
      "r":0.7396335583,
      "f":0.7569701456
    },
    "PartForm":{
      "p":0.7218710493,
      "r":0.7191435768,
      "f":0.7205047319
    },
    "AdpType":{
      "p":0.9450980392,
      "r":0.8731884058,
      "f":0.9077212806
    },
    "Derivation":{
      "p":0.5966709347,
      "r":0.5587529976,
      "f":0.5770897833
    },
    "NumType":{
      "p":0.9471766849,
      "r":0.9252669039,
      "f":0.9360936094
    },
    "Polarity":{
      "p":0.948,
      "r":0.9556451613,
      "f":0.9518072289
    },
    "Connegative":{
      "p":0.8625,
      "r":0.7301587302,
      "f":0.7908309456
    },
    "Style":{
      "p":0.887804878,
      "r":0.4702842377,
      "f":0.6148648649
    },
    "Typo":{
      "p":0.0,
      "r":0.0,
      "f":0.0
    },
    "Abbr":{
      "p":0.8739495798,
      "r":0.7647058824,
      "f":0.8156862745
    },
    "Foreign":{
      "p":0.5,
      "r":0.1904761905,
      "f":0.275862069
    },
    "Reflex":{
      "p":0.8571428571,
      "r":0.7058823529,
      "f":0.7741935484
    }
  },
  "sents_p":0.8718116416,
  "sents_r":0.8572347267,
  "sents_f":0.864461738,
  "dep_uas":0.7496581554,
  "dep_las":0.6600463053,
  "dep_las_per_type":{
    "advmod":{
      "p":0.6716604245,
      "r":0.6897435897,
      "f":0.6805819102
    },
    "root":{
      "p":0.8182414698,
      "r":0.8019292605,
      "f":0.8100032478
    },
    "aux":{
      "p":0.7915360502,
      "r":0.829228243,
      "f":0.8099438653
    },
    "obl":{
      "p":0.5389375967,
      "r":0.5767108168,
      "f":0.5571847507
    },
    "cc":{
      "p":0.7834051724,
      "r":0.7850971922,
      "f":0.7842502697
    },
    "conj":{
      "p":0.5780866721,
      "r":0.5961214165,
      "f":0.5869655459
    },
    "det":{
      "p":0.7,
      "r":0.7680250784,
      "f":0.7324364723
    },
    "nsubj":{
      "p":0.7413355875,
      "r":0.7218106996,
      "f":0.7314428691
    },
    "acl:relcl":{
      "p":0.6886792453,
      "r":0.6854460094,
      "f":0.6870588235
    },
    "obj":{
      "p":0.5990338164,
      "r":0.6174273859,
      "f":0.6080915407
    },
    "xcomp":{
      "p":0.552742616,
      "r":0.5550847458,
      "f":0.5539112051
    },
    "nmod:poss":{
      "p":0.6977818854,
      "r":0.7102539981,
      "f":0.703962704
    },
    "acl":{
      "p":0.5697329377,
      "r":0.5217391304,
      "f":0.5446808511
    },
    "compound:nn":{
      "p":0.6707317073,
      "r":0.5913978495,
      "f":0.6285714286
    },
    "nmod":{
      "p":0.3420479303,
      "r":0.3115079365,
      "f":0.3260643821
    },
    "case":{
      "p":0.8496240602,
      "r":0.8100358423,
      "f":0.8293577982
    },
    "nsubj:cop":{
      "p":0.6303571429,
      "r":0.6647834275,
      "f":0.6471127406
    },
    "amod":{
      "p":0.6757301108,
      "r":0.6676616915,
      "f":0.6716716717
    },
    "cop":{
      "p":0.7097902098,
      "r":0.6904761905,
      "f":0.7
    },
    "nmod:gobj":{
      "p":0.4413793103,
      "r":0.312195122,
      "f":0.3657142857
    },
    "mark":{
      "p":0.7550111359,
      "r":0.768707483,
      "f":0.7617977528
    },
    "aux:pass":{
      "p":0.829787234,
      "r":0.829787234,
      "f":0.829787234
    },
    "advcl":{
      "p":0.4488448845,
      "r":0.3746556474,
      "f":0.4084084084
    },
    "compound:prt":{
      "p":0.7,
      "r":0.4666666667,
      "f":0.56
    },
    "cc:preconj":{
      "p":0.6875,
      "r":0.6470588235,
      "f":0.6666666667
    },
    "ccomp":{
      "p":0.6493506494,
      "r":0.643776824,
      "f":0.6465517241
    },
    "nummod":{
      "p":0.8375,
      "r":0.8758169935,
      "f":0.8562300319
    },
    "csubj:cop":{
      "p":0.625,
      "r":0.2272727273,
      "f":0.3333333333
    },
    "flat:name":{
      "p":0.7620689655,
      "r":0.7727272727,
      "f":0.7673611111
    },
    "appos":{
      "p":0.347826087,
      "r":0.3168316832,
      "f":0.3316062176
    },
    "discourse":{
      "p":0.5,
      "r":0.28,
      "f":0.358974359
    },
    "parataxis":{
      "p":0.3168316832,
      "r":0.3902439024,
      "f":0.349726776
    },
    "xcomp:ds":{
      "p":0.5673076923,
      "r":0.4836065574,
      "f":0.5221238938
    },
    "fixed":{
      "p":0.5636363636,
      "r":0.5740740741,
      "f":0.5688073394
    },
    "cop:own":{
      "p":0.625,
      "r":0.5405405405,
      "f":0.5797101449
    },
    "orphan":{
      "p":0.2592592593,
      "r":0.1627906977,
      "f":0.2
    },
    "nmod:gsubj":{
      "p":0.2105263158,
      "r":0.0740740741,
      "f":0.1095890411
    },
    "vocative":{
      "p":0.6,
      "r":0.2727272727,
      "f":0.375
    },
    "goeswith":{
      "p":0.0,
      "r":0.0,
      "f":0.0
    },
    "dep":{
      "p":0.0,
      "r":0.0,
      "f":0.0
    },
    "compound":{
      "p":0.4,
      "r":0.1818181818,
      "f":0.25
    },
    "flat":{
      "p":0.9325842697,
      "r":0.7033898305,
      "f":0.8019323671
    },
    "flat:foreign":{
      "p":0.0,
      "r":0.0,
      "f":0.0
    },
    "csubj":{
      "p":0.0,
      "r":0.0,
      "f":0.0
    }
  },
  "speed":37081.697040378
}