{
  "token_acc":0.9993845571,
  "token_p":0.9868470855,
  "token_r":0.9912084779,
  "token_f":0.9890229735,
  "tag_acc":0.9093764126,
  "pos_acc":0.8969454753,
  "morph_acc":0.8089337107,
  "morph_micro_p":0.8636081835,
  "morph_micro_r":0.8441401042,
  "morph_micro_f":0.8537631772,
  "morph_per_feat":{
    "Case":{
      "p":0.846724122,
      "r":0.8421974376,
      "f":0.8444547135
    },
    "Number":{
      "p":0.9044421488,
      "r":0.9001909518,
      "f":0.902311543
    },
    "Clitic":{
      "p":0.7013888889,
      "r":0.5153061224,
      "f":0.5941176471
    },
    "Mood":{
      "p":0.8992031873,
      "r":0.8896334253,
      "f":0.8943927085
    },
    "Person":{
      "p":0.8795180723,
      "r":0.8752341701,
      "f":0.877370892
    },
    "VerbForm":{
      "p":0.8667475728,
      "r":0.8472123369,
      "f":0.8568686263
    },
    "Voice":{
      "p":0.8796062595,
      "r":0.8626237624,
      "f":0.8710322419
    },
    "InfForm":{
      "p":0.7516556291,
      "r":0.7060653188,
      "f":0.7281475541
    },
    "Tense":{
      "p":0.8854344123,
      "r":0.8938091144,
      "f":0.8896020539
    },
    "PronType":{
      "p":0.9649368864,
      "r":0.9386084584,
      "f":0.9515905947
    },
    "Number[psor]":{
      "p":0.8214285714,
      "r":0.575,
      "f":0.6764705882
    },
    "Person[psor]":{
      "p":0.6546052632,
      "r":0.5363881402,
      "f":0.5896296296
    },
    "Degree":{
      "p":0.7667682927,
      "r":0.7275795564,
      "f":0.7466600693
    },
    "PartForm":{
      "p":0.7378768021,
      "r":0.7090680101,
      "f":0.7231856134
    },
    "AdpType":{
      "p":0.9429657795,
      "r":0.8985507246,
      "f":0.9202226345
    },
    "Derivation":{
      "p":0.6044386423,
      "r":0.5551558753,
      "f":0.57875
    },
    "NumType":{
      "p":0.9349005425,
      "r":0.9199288256,
      "f":0.9273542601
    },
    "Polarity":{
      "p":0.9596774194,
      "r":0.9596774194,
      "f":0.9596774194
    },
    "Connegative":{
      "p":0.8719512195,
      "r":0.7566137566,
      "f":0.8101983003
    },
    "Style":{
      "p":0.8378378378,
      "r":0.480620155,
      "f":0.6108374384
    },
    "Typo":{
      "p":0.0,
      "r":0.0,
      "f":0.0
    },
    "Abbr":{
      "p":0.852173913,
      "r":0.7205882353,
      "f":0.780876494
    },
    "Foreign":{
      "p":0.6,
      "r":0.2857142857,
      "f":0.3870967742
    },
    "Reflex":{
      "p":1.0,
      "r":0.7058823529,
      "f":0.8275862069
    }
  },
  "sents_p":0.8690242305,
  "sents_r":0.8533762058,
  "sents_f":0.8611291369,
  "dep_uas":0.7474054235,
  "dep_las":0.6522575787,
  "dep_las_per_type":{
    "advmod":{
      "p":0.6820809249,
      "r":0.6807692308,
      "f":0.6814244466
    },
    "root":{
      "p":0.8083989501,
      "r":0.7922829582,
      "f":0.8002598246
    },
    "aux":{
      "p":0.8136439268,
      "r":0.802955665,
      "f":0.8082644628
    },
    "obl":{
      "p":0.5674157303,
      "r":0.5573951435,
      "f":0.5623608018
    },
    "cc":{
      "p":0.7641304348,
      "r":0.7591792657,
      "f":0.7616468039
    },
    "conj":{
      "p":0.5428109855,
      "r":0.5666104553,
      "f":0.5544554455
    },
    "det":{
      "p":0.6568364611,
      "r":0.7680250784,
      "f":0.7080924855
    },
    "nsubj":{
      "p":0.7467588591,
      "r":0.7111111111,
      "f":0.7284991568
    },
    "acl:relcl":{
      "p":0.6981132075,
      "r":0.6948356808,
      "f":0.6964705882
    },
    "obj":{
      "p":0.595659164,
      "r":0.6149377593,
      "f":0.6051449571
    },
    "xcomp":{
      "p":0.5371900826,
      "r":0.5508474576,
      "f":0.5439330544
    },
    "nmod:poss":{
      "p":0.6481327801,
      "r":0.7347130762,
      "f":0.688712522
    },
    "acl":{
      "p":0.5705882353,
      "r":0.527173913,
      "f":0.5480225989
    },
    "compound:nn":{
      "p":0.5697674419,
      "r":0.5268817204,
      "f":0.5474860335
    },
    "nmod":{
      "p":0.350877193,
      "r":0.3174603175,
      "f":0.3333333333
    },
    "case":{
      "p":0.8731343284,
      "r":0.8387096774,
      "f":0.8555758684
    },
    "nsubj:cop":{
      "p":0.5972927242,
      "r":0.6647834275,
      "f":0.6292335116
    },
    "amod":{
      "p":0.6834532374,
      "r":0.6616915423,
      "f":0.67239636
    },
    "cop":{
      "p":0.684375,
      "r":0.7448979592,
      "f":0.7133550489
    },
    "nmod:gobj":{
      "p":0.3959390863,
      "r":0.3804878049,
      "f":0.3880597015
    },
    "mark":{
      "p":0.7664399093,
      "r":0.7664399093,
      "f":0.7664399093
    },
    "aux:pass":{
      "p":0.8823529412,
      "r":0.7978723404,
      "f":0.8379888268
    },
    "advcl":{
      "p":0.3607427056,
      "r":0.3746556474,
      "f":0.3675675676
    },
    "compound:prt":{
      "p":0.4814814815,
      "r":0.4333333333,
      "f":0.4561403509
    },
    "cc:preconj":{
      "p":0.6666666667,
      "r":0.4705882353,
      "f":0.5517241379
    },
    "ccomp":{
      "p":0.6476683938,
      "r":0.5364806867,
      "f":0.5868544601
    },
    "nummod":{
      "p":0.83125,
      "r":0.8692810458,
      "f":0.8498402556
    },
    "csubj:cop":{
      "p":0.5,
      "r":0.5,
      "f":0.5
    },
    "flat:name":{
      "p":0.8076923077,
      "r":0.7342657343,
      "f":0.7692307692
    },
    "dep":{
      "p":0.0,
      "r":0.0,
      "f":0.0
    },
    "appos":{
      "p":0.2666666667,
      "r":0.2376237624,
      "f":0.2513089005
    },
    "discourse":{
      "p":0.5333333333,
      "r":0.32,
      "f":0.4
    },
    "parataxis":{
      "p":0.3968253968,
      "r":0.3048780488,
      "f":0.3448275862
    },
    "xcomp:ds":{
      "p":0.4454545455,
      "r":0.4016393443,
      "f":0.4224137931
    },
    "fixed":{
      "p":0.5555555556,
      "r":0.5555555556,
      "f":0.5555555556
    },
    "cop:own":{
      "p":0.8260869565,
      "r":0.5135135135,
      "f":0.6333333333
    },
    "orphan":{
      "p":0.0909090909,
      "r":0.0465116279,
      "f":0.0615384615
    },
    "vocative":{
      "p":0.5714285714,
      "r":0.3636363636,
      "f":0.4444444444
    },
    "nmod:gsubj":{
      "p":0.2222222222,
      "r":0.037037037,
      "f":0.0634920635
    },
    "csubj":{
      "p":0.0,
      "r":0.0,
      "f":0.0
    },
    "goeswith":{
      "p":0.0,
      "r":0.0,
      "f":0.0
    },
    "compound":{
      "p":0.5,
      "r":0.3636363636,
      "f":0.4210526316
    },
    "flat":{
      "p":0.9417475728,
      "r":0.8220338983,
      "f":0.8778280543
    },
    "flat:foreign":{
      "p":0.0,
      "r":0.0,
      "f":0.0
    }
  },
  "speed":36416.3163390588
}