{
  "token_acc":0.9993845571,
  "token_p":0.9868470855,
  "token_r":0.9912084779,
  "token_f":0.9890229735,
  "tag_acc":0.9121020321,
  "pos_acc":0.8973047553,
  "morph_acc":0.8073638894,
  "morph_micro_p":0.8610119846,
  "morph_micro_r":0.8431503252,
  "morph_micro_f":0.8519875491,
  "morph_per_feat":{
    "Case":{
      "p":0.8377931034,
      "r":0.8398009033,
      "f":0.8387958019
    },
    "Number":{
      "p":0.9056742815,
      "r":0.9026145711,
      "f":0.9041418377
    },
    "Clitic":{
      "p":0.7196969697,
      "r":0.4846938776,
      "f":0.5792682927
    },
    "Mood":{
      "p":0.900882825,
      "r":0.8849034292,
      "f":0.8928216345
    },
    "Person":{
      "p":0.8821510297,
      "r":0.8666167104,
      "f":0.8743148743
    },
    "VerbForm":{
      "p":0.8650890461,
      "r":0.8412811388,
      "f":0.8530190041
    },
    "Voice":{
      "p":0.8787185355,
      "r":0.8554455446,
      "f":0.8669258748
    },
    "InfForm":{
      "p":0.7546848382,
      "r":0.6889580093,
      "f":0.7203252033
    },
    "Tense":{
      "p":0.891285591,
      "r":0.8882201204,
      "f":0.8897502153
    },
    "PronType":{
      "p":0.9672131148,
      "r":0.9256480218,
      "f":0.945974207
    },
    "Number[psor]":{
      "p":0.8,
      "r":0.6,
      "f":0.6857142857
    },
    "Person[psor]":{
      "p":0.6581469649,
      "r":0.5552560647,
      "f":0.6023391813
    },
    "Degree":{
      "p":0.7687747036,
      "r":0.75024108,
      "f":0.7593948267
    },
    "PartForm":{
      "p":0.7374517375,
      "r":0.7216624685,
      "f":0.7294716741
    },
    "AdpType":{
      "p":0.9384615385,
      "r":0.884057971,
      "f":0.9104477612
    },
    "Derivation":{
      "p":0.5864848109,
      "r":0.567146283,
      "f":0.5766534593
    },
    "Connegative":{
      "p":0.8202247191,
      "r":0.7724867725,
      "f":0.795640327
    },
    "NumType":{
      "p":0.9367088608,
      "r":0.9217081851,
      "f":0.9291479821
    },
    "Polarity":{
      "p":0.9477911647,
      "r":0.9516129032,
      "f":0.9496981891
    },
    "Style":{
      "p":0.8592964824,
      "r":0.4418604651,
      "f":0.5836177474
    },
    "Typo":{
      "p":0.1818181818,
      "r":0.0434782609,
      "f":0.0701754386
    },
    "Abbr":{
      "p":0.8346456693,
      "r":0.7794117647,
      "f":0.8060836502
    },
    "Foreign":{
      "p":0.6428571429,
      "r":0.4285714286,
      "f":0.5142857143
    },
    "Reflex":{
      "p":1.0,
      "r":0.5882352941,
      "f":0.7407407407
    }
  },
  "sents_p":0.8428030303,
  "sents_r":0.8585209003,
  "sents_f":0.8505893597,
  "dep_uas":0.7481938129,
  "dep_las":0.6555685684,
  "dep_las_per_type":{
    "advmod":{
      "p":0.6949152542,
      "r":0.6833333333,
      "f":0.6890756303
    },
    "root":{
      "p":0.7825537295,
      "r":0.7961414791,
      "f":0.7892891297
    },
    "aux":{
      "p":0.8140293638,
      "r":0.8193760263,
      "f":0.8166939444
    },
    "obl":{
      "p":0.5286129971,
      "r":0.6015452539,
      "f":0.5627258647
    },
    "cc":{
      "p":0.7717391304,
      "r":0.7667386609,
      "f":0.7692307692
    },
    "conj":{
      "p":0.5643970468,
      "r":0.5801011804,
      "f":0.5721413721
    },
    "det":{
      "p":0.7147335423,
      "r":0.7147335423,
      "f":0.7147335423
    },
    "nsubj":{
      "p":0.7641843972,
      "r":0.7094650206,
      "f":0.7358087921
    },
    "acl:relcl":{
      "p":0.7101449275,
      "r":0.6901408451,
      "f":0.7
    },
    "obj":{
      "p":0.611349957,
      "r":0.5900414938,
      "f":0.6005067568
    },
    "xcomp":{
      "p":0.496,
      "r":0.5254237288,
      "f":0.5102880658
    },
    "nmod:poss":{
      "p":0.6643776824,
      "r":0.7281279398,
      "f":0.6947935368
    },
    "acl":{
      "p":0.6237288136,
      "r":0.5,
      "f":0.5550527903
    },
    "compound:nn":{
      "p":0.5714285714,
      "r":0.5591397849,
      "f":0.5652173913
    },
    "nmod":{
      "p":0.3440860215,
      "r":0.3174603175,
      "f":0.3302373581
    },
    "case":{
      "p":0.8467153285,
      "r":0.8315412186,
      "f":0.8390596745
    },
    "nsubj:cop":{
      "p":0.615530303,
      "r":0.6120527307,
      "f":0.6137865911
    },
    "amod":{
      "p":0.6411870504,
      "r":0.7094527363,
      "f":0.6735947095
    },
    "cop":{
      "p":0.6867671692,
      "r":0.6972789116,
      "f":0.6919831224
    },
    "nmod:gobj":{
      "p":0.4920634921,
      "r":0.3024390244,
      "f":0.3746223565
    },
    "xcomp:ds":{
      "p":0.5,
      "r":0.3606557377,
      "f":0.419047619
    },
    "mark":{
      "p":0.8125,
      "r":0.7959183673,
      "f":0.8041237113
    },
    "aux:pass":{
      "p":0.8505747126,
      "r":0.7872340426,
      "f":0.817679558
    },
    "advcl":{
      "p":0.3805774278,
      "r":0.3994490358,
      "f":0.3897849462
    },
    "compound:prt":{
      "p":0.7692307692,
      "r":0.6666666667,
      "f":0.7142857143
    },
    "cc:preconj":{
      "p":0.8,
      "r":0.7058823529,
      "f":0.75
    },
    "ccomp":{
      "p":0.6756756757,
      "r":0.643776824,
      "f":0.6593406593
    },
    "nummod":{
      "p":0.8571428571,
      "r":0.8431372549,
      "f":0.8500823723
    },
    "csubj:cop":{
      "p":0.5384615385,
      "r":0.3181818182,
      "f":0.4
    },
    "flat:name":{
      "p":0.8156862745,
      "r":0.7272727273,
      "f":0.7689463956
    },
    "appos":{
      "p":0.3333333333,
      "r":0.3168316832,
      "f":0.3248730964
    },
    "discourse":{
      "p":0.6153846154,
      "r":0.32,
      "f":0.4210526316
    },
    "parataxis":{
      "p":0.2467532468,
      "r":0.2317073171,
      "f":0.2389937107
    },
    "fixed":{
      "p":0.5740740741,
      "r":0.5740740741,
      "f":0.5740740741
    },
    "cop:own":{
      "p":0.6060606061,
      "r":0.5405405405,
      "f":0.5714285714
    },
    "orphan":{
      "p":0.0,
      "r":0.0,
      "f":0.0
    },
    "vocative":{
      "p":0.5,
      "r":0.2727272727,
      "f":0.3529411765
    },
    "nmod:gsubj":{
      "p":0.24,
      "r":0.1111111111,
      "f":0.1518987342
    },
    "goeswith":{
      "p":0.0,
      "r":0.0,
      "f":0.0
    },
    "dep":{
      "p":0.0,
      "r":0.0,
      "f":0.0
    },
    "compound":{
      "p":0.625,
      "r":0.4545454545,
      "f":0.5263157895
    },
    "flat":{
      "p":0.9456521739,
      "r":0.7372881356,
      "f":0.8285714286
    },
    "csubj":{
      "p":0.0,
      "r":0.0,
      "f":0.0
    }
  },
  "speed":37105.6016528584
}