{
  "token_acc":0.9993845571,
  "token_p":0.9868470855,
  "token_r":0.9912084779,
  "token_f":0.9890229735,
  "tag_acc":0.9312740945,
  "pos_acc":0.9213456414,
  "morph_acc":0.8587334063,
  "morph_micro_p":0.9118999031,
  "morph_micro_r":0.8936088555,
  "morph_micro_f":0.9026617288,
  "morph_per_feat":{
    "Case":{
      "p":0.929724685,
      "r":0.9182413126,
      "f":0.9239473196
    },
    "Number":{
      "p":0.9451201424,
      "r":0.9359576968,
      "f":0.9405166052
    },
    "Clitic":{
      "p":0.9066666667,
      "r":0.693877551,
      "f":0.7861271676
    },
    "Mood":{
      "p":0.9146771037,
      "r":0.9211667324,
      "f":0.9179104478
    },
    "Person":{
      "p":0.9014981273,
      "r":0.9018358936,
      "f":0.9016669788
    },
    "VerbForm":{
      "p":0.8975773567,
      "r":0.8877817319,
      "f":0.8926526718
    },
    "Voice":{
      "p":0.9029198902,
      "r":0.8955445545,
      "f":0.8992170995
    },
    "InfForm":{
      "p":0.7833876221,
      "r":0.7480559876,
      "f":0.7653142403
    },
    "Tense":{
      "p":0.9060118544,
      "r":0.9200343938,
      "f":0.9129692833
    },
    "PronType":{
      "p":0.9642356241,
      "r":0.9379263302,
      "f":0.9508990318
    },
    "Number[psor]":{
      "p":0.9076923077,
      "r":0.7375,
      "f":0.8137931034
    },
    "Person[psor]":{
      "p":0.8432601881,
      "r":0.7250673854,
      "f":0.7797101449
    },
    "Degree":{
      "p":0.8428358949,
      "r":0.8196721311,
      "f":0.8310926424
    },
    "PartForm":{
      "p":0.8333333333,
      "r":0.7997481108,
      "f":0.8161953728
    },
    "AdpType":{
      "p":0.9090909091,
      "r":0.8695652174,
      "f":0.8888888889
    },
    "Derivation":{
      "p":0.7184655397,
      "r":0.662470024,
      "f":0.6893325016
    },
    "Style":{
      "p":0.8878923767,
      "r":0.511627907,
      "f":0.6491803279
    },
    "NumType":{
      "p":0.956043956,
      "r":0.9288256228,
      "f":0.9422382671
    },
    "Polarity":{
      "p":0.9711934156,
      "r":0.9516129032,
      "f":0.9613034623
    },
    "Connegative":{
      "p":0.8604651163,
      "r":0.7830687831,
      "f":0.8199445983
    },
    "Typo":{
      "p":0.0,
      "r":0.0,
      "f":0.0
    },
    "Abbr":{
      "p":0.8943089431,
      "r":0.8088235294,
      "f":0.8494208494
    },
    "Reflex":{
      "p":0.9230769231,
      "r":0.7058823529,
      "f":0.8
    },
    "Foreign":{
      "p":1.0,
      "r":0.1904761905,
      "f":0.32
    }
  },
  "sents_p":0.8802318094,
  "sents_r":0.8790996785,
  "sents_f":0.8796653797,
  "dep_uas":0.7879819227,
  "dep_las":0.7147956054,
  "dep_las_per_type":{
    "advmod":{
      "p":0.6979362101,
      "r":0.7153846154,
      "f":0.7065527066
    },
    "root":{
      "p":0.8347320852,
      "r":0.831511254,
      "f":0.8331185567
    },
    "aux":{
      "p":0.8204724409,
      "r":0.855500821,
      "f":0.8376205788
    },
    "obl":{
      "p":0.6255144033,
      "r":0.6710816777,
      "f":0.6474973376
    },
    "cc":{
      "p":0.8062770563,
      "r":0.8045356371,
      "f":0.8054054054
    },
    "conj":{
      "p":0.6280276817,
      "r":0.6121416526,
      "f":0.6199829206
    },
    "det":{
      "p":0.79375,
      "r":0.7962382445,
      "f":0.7949921753
    },
    "nsubj":{
      "p":0.8014646054,
      "r":0.8106995885,
      "f":0.8060556465
    },
    "acl:relcl":{
      "p":0.7414634146,
      "r":0.7136150235,
      "f":0.7272727273
    },
    "obj":{
      "p":0.6674491393,
      "r":0.7078838174,
      "f":0.6870720902
    },
    "xcomp":{
      "p":0.6055776892,
      "r":0.6440677966,
      "f":0.6242299795
    },
    "nmod:poss":{
      "p":0.7131849315,
      "r":0.7836312324,
      "f":0.7467503362
    },
    "acl":{
      "p":0.6608695652,
      "r":0.6195652174,
      "f":0.6395511921
    },
    "compound:nn":{
      "p":0.6542056075,
      "r":0.752688172,
      "f":0.7
    },
    "nmod":{
      "p":0.4518518519,
      "r":0.3630952381,
      "f":0.402640264
    },
    "case":{
      "p":0.8561151079,
      "r":0.853046595,
      "f":0.8545780969
    },
    "nsubj:cop":{
      "p":0.79375,
      "r":0.7175141243,
      "f":0.7537091988
    },
    "amod":{
      "p":0.7916230366,
      "r":0.752238806,
      "f":0.7714285714
    },
    "cop":{
      "p":0.7985865724,
      "r":0.768707483,
      "f":0.7833622184
    },
    "nmod:gobj":{
      "p":0.5555555556,
      "r":0.4634146341,
      "f":0.5053191489
    },
    "mark":{
      "p":0.8110599078,
      "r":0.798185941,
      "f":0.8045714286
    },
    "aux:pass":{
      "p":0.8383838384,
      "r":0.8829787234,
      "f":0.8601036269
    },
    "advcl":{
      "p":0.4533333333,
      "r":0.4683195592,
      "f":0.460704607
    },
    "compound:prt":{
      "p":0.8095238095,
      "r":0.5666666667,
      "f":0.6666666667
    },
    "cc:preconj":{
      "p":0.8,
      "r":0.4705882353,
      "f":0.5925925926
    },
    "ccomp":{
      "p":0.65,
      "r":0.6137339056,
      "f":0.6313465784
    },
    "nummod":{
      "p":0.8473053892,
      "r":0.9248366013,
      "f":0.884375
    },
    "csubj:cop":{
      "p":0.7777777778,
      "r":0.3181818182,
      "f":0.4516129032
    },
    "flat:name":{
      "p":0.8369098712,
      "r":0.6818181818,
      "f":0.7514450867
    },
    "appos":{
      "p":0.3953488372,
      "r":0.3366336634,
      "f":0.3636363636
    },
    "xcomp:ds":{
      "p":0.5,
      "r":0.5491803279,
      "f":0.5234375
    },
    "discourse":{
      "p":0.4285714286,
      "r":0.24,
      "f":0.3076923077
    },
    "parataxis":{
      "p":0.3947368421,
      "r":0.3658536585,
      "f":0.3797468354
    },
    "fixed":{
      "p":0.7209302326,
      "r":0.5740740741,
      "f":0.6391752577
    },
    "cop:own":{
      "p":0.6875,
      "r":0.5945945946,
      "f":0.6376811594
    },
    "orphan":{
      "p":0.25,
      "r":0.1860465116,
      "f":0.2133333333
    },
    "dep":{
      "p":0.0,
      "r":0.0,
      "f":0.0
    },
    "vocative":{
      "p":0.5,
      "r":0.2727272727,
      "f":0.3529411765
    },
    "nmod:gsubj":{
      "p":0.2285714286,
      "r":0.1481481481,
      "f":0.1797752809
    },
    "goeswith":{
      "p":0.0,
      "r":0.0,
      "f":0.0
    },
    "flat":{
      "p":0.95,
      "r":0.8050847458,
      "f":0.871559633
    },
    "csubj":{
      "p":0.0,
      "r":0.0,
      "f":0.0
    },
    "compound":{
      "p":0.5454545455,
      "r":0.5454545455,
      "f":0.5454545455
    },
    "flat:foreign":{
      "p":0.0,
      "r":0.0,
      "f":0.0
    }
  },
  "speed":41664.0582279272
}