{
  "token_acc":0.9975078128,
  "token_p":0.9950280167,
  "token_r":0.9900274833,
  "token_f":0.9925214516,
  "tag_acc":0.7202777887,
  "pos_acc":0.9213589551,
  "morph_acc":0.7553170501,
  "morph_micro_p":0.8590681153,
  "morph_micro_r":0.8560720421,
  "morph_micro_f":0.8575674619,
  "morph_per_feat":{
    "AdpType":{
      "p":0.9903923139,
      "r":0.9903923139,
      "f":0.9903923139
    },
    "Case":{
      "p":0.8226385014,
      "r":0.815702806,
      "f":0.819155973
    },
    "Animacy":{
      "p":0.7392140698,
      "r":0.6968911917,
      "f":0.7174289905
    },
    "Gender":{
      "p":0.8322259136,
      "r":0.8284415048,
      "f":0.8303293971
    },
    "Number":{
      "p":0.9215995791,
      "r":0.9229350547,
      "f":0.9222668334
    },
    "PronType":{
      "p":0.9489130435,
      "r":0.9721603563,
      "f":0.9603960396
    },
    "Reflex":{
      "p":0.9881305638,
      "r":0.970845481,
      "f":0.9794117647
    },
    "Aspect":{
      "p":0.8135828136,
      "r":0.8619676946,
      "f":0.8370766488
    },
    "Polarity":{
      "p":0.8861076345,
      "r":0.9188838417,
      "f":0.9021981523
    },
    "Tense":{
      "p":0.9145038168,
      "r":0.962248996,
      "f":0.9377690802
    },
    "VerbForm":{
      "p":0.8904881101,
      "r":0.9234263465,
      "f":0.9066581714
    },
    "Degree":{
      "p":0.8709150327,
      "r":0.9018612521,
      "f":0.8861180382
    },
    "Gender[psor]":{
      "p":0.9901960784,
      "r":0.9439252336,
      "f":0.966507177
    },
    "Number[psor]":{
      "p":0.972972973,
      "r":0.9075630252,
      "f":0.9391304348
    },
    "Person":{
      "p":0.8568872987,
      "r":0.935546875,
      "f":0.8944911298
    },
    "Poss":{
      "p":0.9774011299,
      "r":0.9057591623,
      "f":0.9402173913
    },
    "NumForm":{
      "p":0.9918032787,
      "r":0.9603174603,
      "f":0.9758064516
    },
    "Mood":{
      "p":0.8196721311,
      "r":0.9090909091,
      "f":0.8620689655
    },
    "Voice":{
      "p":0.6774193548,
      "r":0.5865921788,
      "f":0.628742515
    },
    "Abbr":{
      "p":0.875,
      "r":0.3240740741,
      "f":0.472972973
    },
    "Hyph":{
      "p":0.5,
      "r":0.3913043478,
      "f":0.4390243902
    },
    "NumType":{
      "p":0.8125,
      "r":0.6666666667,
      "f":0.7323943662
    },
    "Foreign":{
      "p":0.2727272727,
      "r":0.1212121212,
      "f":0.1678321678
    },
    "Typo":{
      "p":0.6666666667,
      "r":0.0425531915,
      "f":0.08
    }
  },
  "sents_p":0.7075812274,
  "sents_r":0.7389255419,
  "sents_f":0.7229137852,
  "dep_uas":0.7803671993,
  "dep_las":0.7086671856,
  "dep_las_per_type":{
    "case":{
      "p":0.916,
      "r":0.9138068635,
      "f":0.9149021175
    },
    "obl":{
      "p":0.6450471698,
      "r":0.6390186916,
      "f":0.6420187793
    },
    "nmod":{
      "p":0.6450640543,
      "r":0.6002805049,
      "f":0.6218670541
    },
    "expl:pv":{
      "p":0.8446215139,
      "r":0.8760330579,
      "f":0.860040568
    },
    "advmod:emph":{
      "p":0.7021276596,
      "r":0.6470588235,
      "f":0.6734693878
    },
    "nsubj":{
      "p":0.5630841121,
      "r":0.6140127389,
      "f":0.5874466789
    },
    "root":{
      "p":0.7756410256,
      "r":0.7983034873,
      "f":0.7868091036
    },
    "xcomp":{
      "p":0.7368421053,
      "r":0.5833333333,
      "f":0.6511627907
    },
    "obj":{
      "p":0.6311111111,
      "r":0.5601577909,
      "f":0.5935214211
    },
    "amod":{
      "p":0.8215511325,
      "r":0.880794702,
      "f":0.8501420455
    },
    "mark":{
      "p":0.7416666667,
      "r":0.7876106195,
      "f":0.7639484979
    },
    "fixed":{
      "p":1.0,
      "r":0.65625,
      "f":0.7924528302
    },
    "det":{
      "p":0.8655737705,
      "r":0.9395017794,
      "f":0.9010238908
    },
    "advmod":{
      "p":0.7441860465,
      "r":0.7901234568,
      "f":0.7664670659
    },
    "advcl":{
      "p":0.652173913,
      "r":0.4545454545,
      "f":0.5357142857
    },
    "cc":{
      "p":0.7706422018,
      "r":0.7533632287,
      "f":0.7619047619
    },
    "conj":{
      "p":0.5216718266,
      "r":0.5830449827,
      "f":0.5506535948
    },
    "nummod":{
      "p":0.821656051,
      "r":0.7267605634,
      "f":0.7713004484
    },
    "cop":{
      "p":0.7077625571,
      "r":0.7311320755,
      "f":0.7192575406
    },
    "acl:relcl":{
      "p":0.6106870229,
      "r":0.64,
      "f":0.625
    },
    "obl:arg":{
      "p":0.5052083333,
      "r":0.3379790941,
      "f":0.4050104384
    },
    "appos":{
      "p":0.25,
      "r":0.1470588235,
      "f":0.1851851852
    },
    "expl:pass":{
      "p":0.25,
      "r":0.125,
      "f":0.1666666667
    },
    "csubj:pass":{
      "p":0.0,
      "r":0.0,
      "f":0.0
    },
    "dep":{
      "p":0.0602409639,
      "r":0.0961538462,
      "f":0.0740740741
    },
    "iobj":{
      "p":0.0,
      "r":0.0,
      "f":0.0
    },
    "csubj":{
      "p":0.2777777778,
      "r":0.3571428571,
      "f":0.3125
    },
    "acl":{
      "p":0.3846153846,
      "r":0.3703703704,
      "f":0.3773584906
    },
    "flat:foreign":{
      "p":0.0,
      "r":0.0,
      "f":0.0
    },
    "nsubj:pass":{
      "p":0.1428571429,
      "r":0.0909090909,
      "f":0.1111111111
    },
    "orphan":{
      "p":0.2222222222,
      "r":0.0833333333,
      "f":0.1212121212
    },
    "parataxis":{
      "p":0.0,
      "r":0.0,
      "f":0.0
    },
    "aux:pass":{
      "p":0.4,
      "r":0.1666666667,
      "f":0.2352941176
    },
    "ccomp":{
      "p":0.4761904762,
      "r":0.5882352941,
      "f":0.5263157895
    },
    "det:numgov":{
      "p":1.0,
      "r":0.7142857143,
      "f":0.8333333333
    },
    "aux":{
      "p":0.5714285714,
      "r":1.0,
      "f":0.7272727273
    },
    "flat":{
      "p":0.0,
      "r":0.0,
      "f":0.0
    },
    "discourse":{
      "p":0.0,
      "r":0.0,
      "f":0.0
    }
  },
  "speed":36667.8545861381
}