{
  "token_acc":0.9975078128,
  "token_p":0.9950280167,
  "token_r":0.9900274833,
  "token_f":0.9925214516,
  "tag_acc":0.7229609754,
  "pos_acc":0.9104683739,
  "morph_acc":0.7512133528,
  "morph_micro_p":0.8562645914,
  "morph_micro_r":0.8591171725,
  "morph_micro_f":0.8576885101,
  "morph_per_feat":{
    "AdpType":{
      "p":0.9855537721,
      "r":0.9831865492,
      "f":0.9843687375
    },
    "Case":{
      "p":0.8316883801,
      "r":0.8325648795,
      "f":0.8321263989
    },
    "Animacy":{
      "p":0.6914977626,
      "r":0.6805699482,
      "f":0.6859903382
    },
    "Gender":{
      "p":0.824907012,
      "r":0.825134353,
      "f":0.8250206669
    },
    "Number":{
      "p":0.9217629417,
      "r":0.9312343565,
      "f":0.926474443
    },
    "PronType":{
      "p":0.9343544858,
      "r":0.9510022272,
      "f":0.9426048565
    },
    "Reflex":{
      "p":0.9852507375,
      "r":0.9737609329,
      "f":0.9794721408
    },
    "Aspect":{
      "p":0.8434661076,
      "r":0.8861967695,
      "f":0.8643036162
    },
    "Polarity":{
      "p":0.907079646,
      "r":0.9312134977,
      "f":0.9189881524
    },
    "Tense":{
      "p":0.9204284621,
      "r":0.9662650602,
      "f":0.9427899687
    },
    "VerbForm":{
      "p":0.909608091,
      "r":0.9338092148,
      "f":0.9215497919
    },
    "Degree":{
      "p":0.8828428651,
      "r":0.89678511,
      "f":0.8897593733
    },
    "Gender[psor]":{
      "p":0.9607843137,
      "r":0.9158878505,
      "f":0.9377990431
    },
    "Number[psor]":{
      "p":0.9380530973,
      "r":0.8907563025,
      "f":0.9137931034
    },
    "Person":{
      "p":0.8,
      "r":0.9296875,
      "f":0.8599819332
    },
    "Poss":{
      "p":0.9720670391,
      "r":0.9109947644,
      "f":0.9405405405
    },
    "NumForm":{
      "p":0.9915014164,
      "r":0.9259259259,
      "f":0.9575923393
    },
    "Mood":{
      "p":0.7864583333,
      "r":0.9151515152,
      "f":0.8459383754
    },
    "Voice":{
      "p":0.7814569536,
      "r":0.6592178771,
      "f":0.7151515152
    },
    "Abbr":{
      "p":0.8510638298,
      "r":0.3703703704,
      "f":0.5161290323
    },
    "Hyph":{
      "p":0.5833333333,
      "r":0.3043478261,
      "f":0.4
    },
    "NumType":{
      "p":0.72,
      "r":0.4615384615,
      "f":0.5625
    },
    "Foreign":{
      "p":0.2333333333,
      "r":0.0707070707,
      "f":0.1085271318
    },
    "Typo":{
      "p":0.1666666667,
      "r":0.0212765957,
      "f":0.0377358491
    }
  },
  "sents_p":0.5876033058,
  "sents_r":0.6701225259,
  "sents_f":0.6261558785,
  "dep_uas":0.7616563715,
  "dep_las":0.6830473576,
  "dep_las_per_type":{
    "case":{
      "p":0.9200323102,
      "r":0.9090183559,
      "f":0.9144921718
    },
    "obl":{
      "p":0.595267746,
      "r":0.558411215,
      "f":0.5762507535
    },
    "nmod":{
      "p":0.5773405699,
      "r":0.5967741935,
      "f":0.5868965517
    },
    "expl:pv":{
      "p":0.8481012658,
      "r":0.8305785124,
      "f":0.8392484342
    },
    "advmod:emph":{
      "p":0.6835443038,
      "r":0.5294117647,
      "f":0.5966850829
    },
    "nsubj":{
      "p":0.5354330709,
      "r":0.6063694268,
      "f":0.56869773
    },
    "root":{
      "p":0.704450042,
      "r":0.7907634307,
      "f":0.7451154529
    },
    "xcomp":{
      "p":0.725,
      "r":0.4833333333,
      "f":0.58
    },
    "obj":{
      "p":0.5826271186,
      "r":0.5424063116,
      "f":0.5617977528
    },
    "amod":{
      "p":0.8714180749,
      "r":0.8727005151,
      "f":0.8720588235
    },
    "mark":{
      "p":0.6936936937,
      "r":0.6814159292,
      "f":0.6875
    },
    "fixed":{
      "p":0.8947368421,
      "r":0.53125,
      "f":0.6666666667
    },
    "det":{
      "p":0.8801369863,
      "r":0.9145907473,
      "f":0.8970331588
    },
    "advmod":{
      "p":0.7386934673,
      "r":0.7259259259,
      "f":0.7322540473
    },
    "advcl":{
      "p":0.4857142857,
      "r":0.5151515152,
      "f":0.5
    },
    "cc":{
      "p":0.7648401826,
      "r":0.7511210762,
      "f":0.757918552
    },
    "conj":{
      "p":0.4792626728,
      "r":0.5397923875,
      "f":0.5077298617
    },
    "nummod":{
      "p":0.8157894737,
      "r":0.6112676056,
      "f":0.6988727858
    },
    "cop":{
      "p":0.7259615385,
      "r":0.7122641509,
      "f":0.719047619
    },
    "acl:relcl":{
      "p":0.584,
      "r":0.584,
      "f":0.584
    },
    "obl:arg":{
      "p":0.4576271186,
      "r":0.3763066202,
      "f":0.413001912
    },
    "appos":{
      "p":0.1739130435,
      "r":0.1176470588,
      "f":0.1403508772
    },
    "expl:pass":{
      "p":0.15,
      "r":0.125,
      "f":0.1363636364
    },
    "csubj:pass":{
      "p":0.0,
      "r":0.0,
      "f":0.0
    },
    "orphan":{
      "p":0.0833333333,
      "r":0.0416666667,
      "f":0.0555555556
    },
    "dep":{
      "p":0.0581395349,
      "r":0.0961538462,
      "f":0.0724637681
    },
    "ccomp":{
      "p":0.380952381,
      "r":0.4705882353,
      "f":0.4210526316
    },
    "iobj":{
      "p":0.1666666667,
      "r":0.125,
      "f":0.1428571429
    },
    "flat:foreign":{
      "p":0.0,
      "r":0.0,
      "f":0.0
    },
    "nsubj:pass":{
      "p":0.0,
      "r":0.0,
      "f":0.0
    },
    "parataxis":{
      "p":0.0,
      "r":0.0,
      "f":0.0
    },
    "acl":{
      "p":0.4375,
      "r":0.2592592593,
      "f":0.3255813953
    },
    "aux:pass":{
      "p":0.4444444444,
      "r":0.1666666667,
      "f":0.2424242424
    },
    "csubj":{
      "p":0.1176470588,
      "r":0.1428571429,
      "f":0.1290322581
    },
    "aux":{
      "p":0.5714285714,
      "r":1.0,
      "f":0.7272727273
    },
    "det:numgov":{
      "p":1.0,
      "r":0.8571428571,
      "f":0.9230769231
    },
    "flat":{
      "p":0.0,
      "r":0.0,
      "f":0.0
    }
  },
  "speed":11475.3314550818
}