{
  "token_acc":0.9975078128,
  "token_p":0.9950280167,
  "token_r":0.9900274833,
  "token_f":0.9925214516,
  "tag_acc":0.7062305173,
  "pos_acc":0.8998145445,
  "morph_acc":0.7326677978,
  "morph_micro_p":0.8432469162,
  "morph_micro_r":0.8397792931,
  "morph_micro_f":0.8415095324,
  "morph_per_feat":{
    "AdpType":{
      "p":0.9833068362,
      "r":0.9903923139,
      "f":0.9868368568
    },
    "Case":{
      "p":0.81925788,
      "r":0.8114872876,
      "f":0.8153540702
    },
    "Animacy":{
      "p":0.6953376206,
      "r":0.6722797927,
      "f":0.6836143309
    },
    "Gender":{
      "p":0.8141238253,
      "r":0.8117679482,
      "f":0.8129441799
    },
    "Number":{
      "p":0.9207621551,
      "r":0.9230667896,
      "f":0.921913032
    },
    "PronType":{
      "p":0.9457111835,
      "r":0.9699331849,
      "f":0.9576690489
    },
    "Reflex":{
      "p":0.9941520468,
      "r":0.9912536443,
      "f":0.9927007299
    },
    "Aspect":{
      "p":0.7537414966,
      "r":0.8135095448,
      "f":0.7824858757
    },
    "Polarity":{
      "p":0.8647619048,
      "r":0.8838416613,
      "f":0.8741976893
    },
    "Tense":{
      "p":0.8824404762,
      "r":0.9526104418,
      "f":0.9161838548
    },
    "VerbForm":{
      "p":0.860952381,
      "r":0.8799480857,
      "f":0.8703465982
    },
    "Degree":{
      "p":0.8733216579,
      "r":0.8437676255,
      "f":0.8582903041
    },
    "Gender[psor]":{
      "p":0.9724770642,
      "r":0.9906542056,
      "f":0.9814814815
    },
    "Number[psor]":{
      "p":0.958677686,
      "r":0.974789916,
      "f":0.9666666667
    },
    "Person":{
      "p":0.8309352518,
      "r":0.90234375,
      "f":0.8651685393
    },
    "Poss":{
      "p":0.96875,
      "r":0.9738219895,
      "f":0.9712793734
    },
    "NumForm":{
      "p":0.9831460674,
      "r":0.9259259259,
      "f":0.9536784741
    },
    "Mood":{
      "p":0.7713498623,
      "r":0.8484848485,
      "f":0.8080808081
    },
    "Voice":{
      "p":0.5238095238,
      "r":0.3072625698,
      "f":0.3873239437
    },
    "Abbr":{
      "p":0.625,
      "r":0.2777777778,
      "f":0.3846153846
    },
    "NumType":{
      "p":0.8412698413,
      "r":0.6794871795,
      "f":0.7517730496
    },
    "Hyph":{
      "p":0.5625,
      "r":0.3913043478,
      "f":0.4615384615
    },
    "Foreign":{
      "p":0.2368421053,
      "r":0.0909090909,
      "f":0.1313868613
    },
    "Typo":{
      "p":0.5,
      "r":0.0212765957,
      "f":0.0408163265
    }
  },
  "sents_p":0.7039777983,
  "sents_r":0.7172478794,
  "sents_f":0.710550887,
  "dep_uas":0.7444205124,
  "dep_las":0.6601897255,
  "dep_las_per_type":{
    "case":{
      "p":0.9066985646,
      "r":0.9074221868,
      "f":0.9070602314
    },
    "obl":{
      "p":0.5498915401,
      "r":0.5922897196,
      "f":0.570303712
    },
    "nmod":{
      "p":0.5936532508,
      "r":0.5378681627,
      "f":0.5643855776
    },
    "expl:pv":{
      "p":0.837398374,
      "r":0.8512396694,
      "f":0.8442622951
    },
    "advmod:emph":{
      "p":0.5803571429,
      "r":0.637254902,
      "f":0.6074766355
    },
    "nsubj":{
      "p":0.5165562914,
      "r":0.5961783439,
      "f":0.553518628
    },
    "root":{
      "p":0.7504638219,
      "r":0.7624882187,
      "f":0.7564282375
    },
    "xcomp":{
      "p":0.6526315789,
      "r":0.5166666667,
      "f":0.576744186
    },
    "obj":{
      "p":0.592920354,
      "r":0.5285996055,
      "f":0.558915537
    },
    "amod":{
      "p":0.8036391205,
      "r":0.7799852833,
      "f":0.7916355489
    },
    "mark":{
      "p":0.7235772358,
      "r":0.7876106195,
      "f":0.7542372881
    },
    "fixed":{
      "p":0.6470588235,
      "r":0.6875,
      "f":0.6666666667
    },
    "det":{
      "p":0.8050314465,
      "r":0.9110320285,
      "f":0.8547579299
    },
    "advmod":{
      "p":0.691943128,
      "r":0.7209876543,
      "f":0.7061668682
    },
    "advcl":{
      "p":0.3846153846,
      "r":0.4545454545,
      "f":0.4166666667
    },
    "cc":{
      "p":0.7388235294,
      "r":0.7040358744,
      "f":0.721010333
    },
    "conj":{
      "p":0.532173913,
      "r":0.5294117647,
      "f":0.5307892454
    },
    "nummod":{
      "p":0.7821011673,
      "r":0.5661971831,
      "f":0.6568627451
    },
    "cop":{
      "p":0.6476190476,
      "r":0.641509434,
      "f":0.644549763
    },
    "acl:relcl":{
      "p":0.5611510791,
      "r":0.624,
      "f":0.5909090909
    },
    "obl:arg":{
      "p":0.4238095238,
      "r":0.3101045296,
      "f":0.3581488934
    },
    "dep":{
      "p":0.0099009901,
      "r":0.0384615385,
      "f":0.0157480315
    },
    "appos":{
      "p":0.2888888889,
      "r":0.1911764706,
      "f":0.2300884956
    },
    "expl:pass":{
      "p":0.2352941176,
      "r":0.1666666667,
      "f":0.1951219512
    },
    "csubj:pass":{
      "p":0.0,
      "r":0.0,
      "f":0.0
    },
    "iobj":{
      "p":0.0,
      "r":0.0,
      "f":0.0
    },
    "acl":{
      "p":0.4736842105,
      "r":0.3333333333,
      "f":0.3913043478
    },
    "ccomp":{
      "p":0.4,
      "r":0.4705882353,
      "f":0.4324324324
    },
    "orphan":{
      "p":0.1,
      "r":0.125,
      "f":0.1111111111
    },
    "flat:foreign":{
      "p":0.0,
      "r":0.0,
      "f":0.0
    },
    "nsubj:pass":{
      "p":0.0,
      "r":0.0,
      "f":0.0
    },
    "parataxis":{
      "p":0.0,
      "r":0.0,
      "f":0.0
    },
    "aux:pass":{
      "p":0.2727272727,
      "r":0.125,
      "f":0.1714285714
    },
    "csubj":{
      "p":0.3333333333,
      "r":0.3571428571,
      "f":0.3448275862
    },
    "aux":{
      "p":0.6666666667,
      "r":1.0,
      "f":0.8
    },
    "det:numgov":{
      "p":0.8333333333,
      "r":0.7142857143,
      "f":0.7692307692
    },
    "flat":{
      "p":0.0,
      "r":0.0,
      "f":0.0
    },
    "discourse":{
      "p":0.0,
      "r":0.0,
      "f":0.0
    }
  },
  "speed":32621.0011419547
}