{
  "token_acc":0.9975078128,
  "token_p":0.9950280167,
  "token_r":0.9900274833,
  "token_f":0.9925214516,
  "tag_acc":0.7258019966,
  "pos_acc":0.9207276171,
  "morph_acc":0.7570532297,
  "morph_micro_p":0.8592883729,
  "morph_micro_r":0.8592212795,
  "morph_micro_f":0.8592548249,
  "morph_per_feat":{
    "AdpType":{
      "p":0.9895916733,
      "r":0.9895916733,
      "f":0.9895916733
    },
    "Case":{
      "p":0.8289473684,
      "r":0.8216308787,
      "f":0.8252729077
    },
    "Animacy":{
      "p":0.7401207464,
      "r":0.6987046632,
      "f":0.7188166311
    },
    "Gender":{
      "p":0.8348103019,
      "r":0.8307840706,
      "f":0.8327923199
    },
    "Number":{
      "p":0.9229658793,
      "r":0.9264918983,
      "f":0.9247255276
    },
    "PronType":{
      "p":0.9583333333,
      "r":0.9732739421,
      "f":0.9657458564
    },
    "Reflex":{
      "p":0.9883381924,
      "r":0.9883381924,
      "f":0.9883381924
    },
    "Aspect":{
      "p":0.8100748809,
      "r":0.8737151248,
      "f":0.8406923349
    },
    "Polarity":{
      "p":0.8750769231,
      "r":0.9227774173,
      "f":0.8982943778
    },
    "Tense":{
      "p":0.9055177627,
      "r":0.962248996,
      "f":0.9330218069
    },
    "VerbForm":{
      "p":0.88,
      "r":0.9279688514,
      "f":0.9033480733
    },
    "Degree":{
      "p":0.8777654867,
      "r":0.8950930626,
      "f":0.8863445965
    },
    "Gender[psor]":{
      "p":0.9622641509,
      "r":0.953271028,
      "f":0.9577464789
    },
    "Number[psor]":{
      "p":0.9237288136,
      "r":0.9159663866,
      "f":0.9198312236
    },
    "Person":{
      "p":0.8267581475,
      "r":0.94140625,
      "f":0.8803652968
    },
    "Poss":{
      "p":0.9578947368,
      "r":0.9528795812,
      "f":0.9553805774
    },
    "NumForm":{
      "p":1.0,
      "r":0.9391534392,
      "f":0.968622101
    },
    "Mood":{
      "p":0.7769230769,
      "r":0.9181818182,
      "f":0.8416666667
    },
    "Voice":{
      "p":0.6730769231,
      "r":0.5865921788,
      "f":0.6268656716
    },
    "Abbr":{
      "p":0.7894736842,
      "r":0.2777777778,
      "f":0.4109589041
    },
    "Hyph":{
      "p":0.5882352941,
      "r":0.4347826087,
      "f":0.5
    },
    "NumType":{
      "p":0.8421052632,
      "r":0.6153846154,
      "f":0.7111111111
    },
    "Foreign":{
      "p":0.3571428571,
      "r":0.1515151515,
      "f":0.2127659574
    },
    "Typo":{
      "p":0.0,
      "r":0.0,
      "f":0.0
    }
  },
  "sents_p":0.7057777778,
  "sents_r":0.7483506126,
  "sents_f":0.7264409881,
  "dep_uas":0.7859600826,
  "dep_las":0.7126405139,
  "dep_las_per_type":{
    "case":{
      "p":0.9233838787,
      "r":0.9233838787,
      "f":0.9233838787
    },
    "obl":{
      "p":0.6361445783,
      "r":0.6168224299,
      "f":0.6263345196
    },
    "nmod":{
      "p":0.64,
      "r":0.5946704067,
      "f":0.6165030898
    },
    "expl:pv":{
      "p":0.83984375,
      "r":0.8884297521,
      "f":0.8634538153
    },
    "advmod:emph":{
      "p":0.6736842105,
      "r":0.6274509804,
      "f":0.6497461929
    },
    "nsubj":{
      "p":0.5663716814,
      "r":0.6522292994,
      "f":0.6062759029
    },
    "root":{
      "p":0.7765862377,
      "r":0.8190386428,
      "f":0.7972477064
    },
    "xcomp":{
      "p":0.6739130435,
      "r":0.5166666667,
      "f":0.5849056604
    },
    "obj":{
      "p":0.6041237113,
      "r":0.5779092702,
      "f":0.5907258065
    },
    "amod":{
      "p":0.8539727989,
      "r":0.8778513613,
      "f":0.8657474601
    },
    "mark":{
      "p":0.7844827586,
      "r":0.8053097345,
      "f":0.7947598253
    },
    "fixed":{
      "p":0.96,
      "r":0.75,
      "f":0.8421052632
    },
    "det":{
      "p":0.9131944444,
      "r":0.9359430605,
      "f":0.9244288225
    },
    "advmod":{
      "p":0.7375565611,
      "r":0.8049382716,
      "f":0.7697756789
    },
    "advcl":{
      "p":0.4857142857,
      "r":0.5151515152,
      "f":0.5
    },
    "cc":{
      "p":0.8,
      "r":0.7623318386,
      "f":0.7807118255
    },
    "conj":{
      "p":0.5211267606,
      "r":0.5761245675,
      "f":0.5472473295
    },
    "nummod":{
      "p":0.8790322581,
      "r":0.614084507,
      "f":0.7230514096
    },
    "cop":{
      "p":0.7162790698,
      "r":0.7264150943,
      "f":0.7213114754
    },
    "acl:relcl":{
      "p":0.6341463415,
      "r":0.624,
      "f":0.6290322581
    },
    "obl:arg":{
      "p":0.5217391304,
      "r":0.4181184669,
      "f":0.4642166344
    },
    "appos":{
      "p":0.186440678,
      "r":0.1617647059,
      "f":0.1732283465
    },
    "expl:pass":{
      "p":0.1428571429,
      "r":0.0416666667,
      "f":0.064516129
    },
    "csubj:pass":{
      "p":0.0,
      "r":0.0,
      "f":0.0
    },
    "dep":{
      "p":0.049382716,
      "r":0.0769230769,
      "f":0.0601503759
    },
    "ccomp":{
      "p":0.44,
      "r":0.6470588235,
      "f":0.5238095238
    },
    "aux":{
      "p":0.4444444444,
      "r":1.0,
      "f":0.6153846154
    },
    "flat:foreign":{
      "p":0.0,
      "r":0.0,
      "f":0.0
    },
    "nsubj:pass":{
      "p":0.2307692308,
      "r":0.0909090909,
      "f":0.1304347826
    },
    "acl":{
      "p":0.5789473684,
      "r":0.4074074074,
      "f":0.4782608696
    },
    "iobj":{
      "p":0.0,
      "r":0.0,
      "f":0.0
    },
    "orphan":{
      "p":0.0,
      "r":0.0,
      "f":0.0
    },
    "parataxis":{
      "p":0.0,
      "r":0.0,
      "f":0.0
    },
    "aux:pass":{
      "p":0.375,
      "r":0.125,
      "f":0.1875
    },
    "csubj":{
      "p":0.3684210526,
      "r":0.5,
      "f":0.4242424242
    },
    "det:numgov":{
      "p":1.0,
      "r":0.8571428571,
      "f":0.9230769231
    },
    "flat":{
      "p":0.0,
      "r":0.0,
      "f":0.0
    }
  },
  "speed":36479.5761113218
}