{
  "token_acc":0.9975078128,
  "token_p":0.9950280167,
  "token_r":0.9900274833,
  "token_f":0.9925214516,
  "tag_acc":0.6998382196,
  "pos_acc":0.8967367715,
  "morph_acc":0.7315629562,
  "morph_micro_p":0.8384865318,
  "morph_micro_r":0.8328561761,
  "morph_micro_f":0.8356618703,
  "morph_per_feat":{
    "AdpType":{
      "p":0.985645933,
      "r":0.9895916733,
      "f":0.9876148622
    },
    "Case":{
      "p":0.8125083523,
      "r":0.8009484916,
      "f":0.8066870107
    },
    "Animacy":{
      "p":0.7176470588,
      "r":0.6637305699,
      "f":0.6896366083
    },
    "Gender":{
      "p":0.8070539419,
      "r":0.8040512609,
      "f":0.8055498033
    },
    "Number":{
      "p":0.9150645246,
      "r":0.9154261626,
      "f":0.9152453079
    },
    "PronType":{
      "p":0.9592959296,
      "r":0.9710467706,
      "f":0.9651355838
    },
    "Reflex":{
      "p":0.9912280702,
      "r":0.9883381924,
      "f":0.9897810219
    },
    "Aspect":{
      "p":0.7396251673,
      "r":0.8113069016,
      "f":0.7738095238
    },
    "Polarity":{
      "p":0.8475420037,
      "r":0.8838416613,
      "f":0.8653113088
    },
    "Tense":{
      "p":0.8698224852,
      "r":0.9445783133,
      "f":0.9056603774
    },
    "VerbForm":{
      "p":0.8400746733,
      "r":0.8760545101,
      "f":0.8576874206
    },
    "Degree":{
      "p":0.8525241066,
      "r":0.847715736,
      "f":0.8501131222
    },
    "Gender[psor]":{
      "p":0.9807692308,
      "r":0.953271028,
      "f":0.9668246445
    },
    "Number[psor]":{
      "p":0.9652173913,
      "r":0.9327731092,
      "f":0.9487179487
    },
    "Person":{
      "p":0.8233151184,
      "r":0.8828125,
      "f":0.8520263902
    },
    "Poss":{
      "p":0.9732620321,
      "r":0.9528795812,
      "f":0.962962963
    },
    "NumForm":{
      "p":0.9971590909,
      "r":0.9285714286,
      "f":0.9616438356
    },
    "Mood":{
      "p":0.7577464789,
      "r":0.8151515152,
      "f":0.7854014599
    },
    "Voice":{
      "p":0.4778761062,
      "r":0.3016759777,
      "f":0.3698630137
    },
    "Abbr":{
      "p":0.619047619,
      "r":0.2407407407,
      "f":0.3466666667
    },
    "NumType":{
      "p":0.8142857143,
      "r":0.7307692308,
      "f":0.7702702703
    },
    "Hyph":{
      "p":0.5555555556,
      "r":0.4347826087,
      "f":0.487804878
    },
    "Foreign":{
      "p":0.3333333333,
      "r":0.1717171717,
      "f":0.2266666667
    },
    "Typo":{
      "p":0.0,
      "r":0.0,
      "f":0.0
    }
  },
  "sents_p":0.7210884354,
  "sents_r":0.6993402451,
  "sents_f":0.7100478469,
  "dep_uas":0.7390091038,
  "dep_las":0.654924745,
  "dep_las_per_type":{
    "case":{
      "p":0.8911671924,
      "r":0.9018355946,
      "f":0.8964696549
    },
    "obl":{
      "p":0.5691428571,
      "r":0.5817757009,
      "f":0.575389948
    },
    "nmod":{
      "p":0.5471698113,
      "r":0.549088359,
      "f":0.5481274064
    },
    "expl:pv":{
      "p":0.804,
      "r":0.8305785124,
      "f":0.8170731707
    },
    "advmod:emph":{
      "p":0.6274509804,
      "r":0.6274509804,
      "f":0.6274509804
    },
    "nsubj":{
      "p":0.5278725825,
      "r":0.5910828025,
      "f":0.5576923077
    },
    "root":{
      "p":0.7651072125,
      "r":0.739868049,
      "f":0.7522759943
    },
    "xcomp":{
      "p":0.6632653061,
      "r":0.5416666667,
      "f":0.5963302752
    },
    "obj":{
      "p":0.5921658986,
      "r":0.5069033531,
      "f":0.5462274176
    },
    "amod":{
      "p":0.7878787879,
      "r":0.7844002943,
      "f":0.7861356932
    },
    "mark":{
      "p":0.7043478261,
      "r":0.7168141593,
      "f":0.7105263158
    },
    "fixed":{
      "p":0.72,
      "r":0.5625,
      "f":0.6315789474
    },
    "det":{
      "p":0.7708333333,
      "r":0.9217081851,
      "f":0.8395461912
    },
    "advmod":{
      "p":0.6828703704,
      "r":0.7283950617,
      "f":0.7048984468
    },
    "advcl":{
      "p":0.4054054054,
      "r":0.4545454545,
      "f":0.4285714286
    },
    "cc":{
      "p":0.7640186916,
      "r":0.7331838565,
      "f":0.7482837529
    },
    "conj":{
      "p":0.4586466165,
      "r":0.5276816609,
      "f":0.4907481899
    },
    "nummod":{
      "p":0.7732342007,
      "r":0.585915493,
      "f":0.6666666667
    },
    "cop":{
      "p":0.6447368421,
      "r":0.6933962264,
      "f":0.6681818182
    },
    "acl:relcl":{
      "p":0.547008547,
      "r":0.512,
      "f":0.5289256198
    },
    "obl:arg":{
      "p":0.4285714286,
      "r":0.2717770035,
      "f":0.3326226013
    },
    "dep":{
      "p":0.0357142857,
      "r":0.0961538462,
      "f":0.0520833333
    },
    "appos":{
      "p":0.2666666667,
      "r":0.1176470588,
      "f":0.1632653061
    },
    "expl:pass":{
      "p":0.1,
      "r":0.0416666667,
      "f":0.0588235294
    },
    "csubj:pass":{
      "p":0.0,
      "r":0.0,
      "f":0.0
    },
    "orphan":{
      "p":0.0769230769,
      "r":0.0833333333,
      "f":0.08
    },
    "aux":{
      "p":0.5,
      "r":1.0,
      "f":0.6666666667
    },
    "iobj":{
      "p":0.0,
      "r":0.0,
      "f":0.0
    },
    "flat:foreign":{
      "p":0.0,
      "r":0.0,
      "f":0.0
    },
    "nsubj:pass":{
      "p":0.15,
      "r":0.0909090909,
      "f":0.1132075472
    },
    "csubj":{
      "p":0.3636363636,
      "r":0.2857142857,
      "f":0.32
    },
    "parataxis":{
      "p":0.0,
      "r":0.0,
      "f":0.0
    },
    "acl":{
      "p":0.3636363636,
      "r":0.2962962963,
      "f":0.3265306122
    },
    "aux:pass":{
      "p":0.5,
      "r":0.0833333333,
      "f":0.1428571429
    },
    "ccomp":{
      "p":0.4,
      "r":0.4705882353,
      "f":0.4324324324
    },
    "det:numgov":{
      "p":0.75,
      "r":0.4285714286,
      "f":0.5454545455
    },
    "flat":{
      "p":0.0,
      "r":0.0,
      "f":0.0
    }
  },
  "speed":32757.1993231665
}