{
  "token_acc":1.0,
  "token_p":0.999594841,
  "token_r":0.9997973794,
  "token_f":0.9996960999,
  "tag_acc":0.8968661354,
  "pos_acc":0.9182088343,
  "morph_acc":0.8044711603,
  "morph_micro_p":0.925909941,
  "morph_micro_r":0.917942379,
  "morph_micro_f":0.9219089455,
  "morph_per_feat":{
    "Case":{
      "p":0.8943423598,
      "r":0.8793533817,
      "f":0.886784537
    },
    "Gender":{
      "p":0.8878527912,
      "r":0.8820405138,
      "f":0.8849371089
    },
    "Number":{
      "p":0.9338121547,
      "r":0.9288854693,
      "f":0.9313422967
    },
    "Person":{
      "p":0.9604217825,
      "r":0.9547673751,
      "f":0.9575862317
    },
    "AdpType":{
      "p":0.98828125,
      "r":0.9866753331,
      "f":0.9874776386
    },
    "Aspect":{
      "p":0.9554317549,
      "r":0.9501385042,
      "f":0.9527777778
    },
    "VerbForm":{
      "p":0.9612320765,
      "r":0.9561542525,
      "f":0.9586864407
    },
    "Voice":{
      "p":0.862959285,
      "r":0.8621031746,
      "f":0.8625310174
    },
    "Polite":{
      "p":0.6036036036,
      "r":0.6090909091,
      "f":0.6063348416
    },
    "PronType":{
      "p":0.9346153846,
      "r":0.9101123596,
      "f":0.9222011385
    },
    "Mood":{
      "p":0.9701230228,
      "r":0.955017301,
      "f":0.962510898
    },
    "Tense":{
      "p":0.9793233083,
      "r":0.9666048237,
      "f":0.9729225023
    },
    "Echo":{
      "p":0.0,
      "r":0.0,
      "f":0.0
    },
    "NumType":{
      "p":0.9413793103,
      "r":0.900990099,
      "f":0.9207419899
    },
    "AdvType":{
      "p":0.6666666667,
      "r":0.5333333333,
      "f":0.5925925926
    },
    "Polarity":{
      "p":0.9764705882,
      "r":0.9764705882,
      "f":0.9764705882
    },
    "Poss":{
      "p":0.0,
      "r":0.0,
      "f":0.0
    }
  },
  "sents_p":0.963099631,
  "sents_r":0.9757009346,
  "sents_f":0.9693593315,
  "dep_uas":0.829668968,
  "dep_las":0.750929368,
  "dep_las_per_type":{
    "nmod":{
      "p":0.6965466569,
      "r":0.6,
      "f":0.6446786807
    },
    "dep":{
      "p":0.7210300429,
      "r":0.6109090909,
      "f":0.6614173228
    },
    "compound":{
      "p":0.6595915098,
      "r":0.8109305761,
      "f":0.7274734982
    },
    "nsubj":{
      "p":0.6685314685,
      "r":0.6530054645,
      "f":0.6606772633
    },
    "case":{
      "p":0.9293347122,
      "r":0.9154499151,
      "f":0.9223400616
    },
    "amod":{
      "p":0.7350543478,
      "r":0.6687268232,
      "f":0.7003236246
    },
    "obl":{
      "p":0.6272285251,
      "r":0.6892252894,
      "f":0.6567670768
    },
    "advcl":{
      "p":0.5930735931,
      "r":0.6555023923,
      "f":0.6227272727
    },
    "aux":{
      "p":0.9421686747,
      "r":0.9467312349,
      "f":0.9444444444
    },
    "iobj":{
      "p":0.3116883117,
      "r":0.5106382979,
      "f":0.3870967742
    },
    "obj":{
      "p":0.6986062718,
      "r":0.5375335121,
      "f":0.6075757576
    },
    "root":{
      "p":0.8431734317,
      "r":0.8542056075,
      "f":0.8486536676
    },
    "cc":{
      "p":0.6988636364,
      "r":0.7172011662,
      "f":0.7079136691
    },
    "conj":{
      "p":0.6320541761,
      "r":0.6796116505,
      "f":0.6549707602
    },
    "mark":{
      "p":0.8413361169,
      "r":0.8466386555,
      "f":0.8439790576
    },
    "det":{
      "p":0.7170542636,
      "r":0.7974137931,
      "f":0.7551020408
    },
    "cop":{
      "p":0.8172043011,
      "r":0.6666666667,
      "f":0.7342995169
    },
    "acl":{
      "p":0.5384615385,
      "r":0.2222222222,
      "f":0.3146067416
    },
    "acl:relcl":{
      "p":0.2745098039,
      "r":0.2121212121,
      "f":0.2393162393
    },
    "nummod":{
      "p":0.8311111111,
      "r":0.7890295359,
      "f":0.8095238095
    },
    "advmod":{
      "p":0.6628571429,
      "r":0.5918367347,
      "f":0.6253369272
    },
    "xcomp":{
      "p":0.2857142857,
      "r":0.0465116279,
      "f":0.08
    },
    "dislocated":{
      "p":0.5555555556,
      "r":0.1785714286,
      "f":0.2702702703
    },
    "flat":{
      "p":0.0,
      "r":0.0,
      "f":0.0
    }
  },
  "speed":15268.3697900765
}