{
  "token_acc":1.0,
  "token_p":0.999594841,
  "token_r":0.9997973794,
  "token_f":0.9996960999,
  "tag_acc":0.876844629,
  "pos_acc":0.8967985952,
  "morph_acc":0.7901526408,
  "morph_micro_p":0.9183751768,
  "morph_micro_r":0.9104069602,
  "morph_micro_f":0.9143737093,
  "morph_per_feat":{
    "Case":{
      "p":0.8955458727,
      "r":0.8794722453,
      "f":0.8874362819
    },
    "Gender":{
      "p":0.8705134596,
      "r":0.8627717391,
      "f":0.8666253102
    },
    "Number":{
      "p":0.9220305242,
      "r":0.9163552429,
      "f":0.9191841235
    },
    "Person":{
      "p":0.9521122685,
      "r":0.9450028719,
      "f":0.9485442491
    },
    "AdpType":{
      "p":0.9859523032,
      "r":0.9808254794,
      "f":0.9833822092
    },
    "Aspect":{
      "p":0.9587155963,
      "r":0.9649122807,
      "f":0.9618039577
    },
    "VerbForm":{
      "p":0.9601049869,
      "r":0.9661912309,
      "f":0.9631384939
    },
    "Voice":{
      "p":0.865479723,
      "r":0.8680555556,
      "f":0.8667657256
    },
    "Polite":{
      "p":0.6734693878,
      "r":0.6,
      "f":0.6346153846
    },
    "PronType":{
      "p":0.9263024142,
      "r":0.9101123596,
      "f":0.9181360202
    },
    "Mood":{
      "p":0.9601386482,
      "r":0.9584775087,
      "f":0.9593073593
    },
    "Tense":{
      "p":0.9757009346,
      "r":0.9684601113,
      "f":0.9720670391
    },
    "Echo":{
      "p":1.0,
      "r":0.25,
      "f":0.4
    },
    "NumType":{
      "p":0.8829431438,
      "r":0.8712871287,
      "f":0.877076412
    },
    "AdvType":{
      "p":0.8181818182,
      "r":0.6,
      "f":0.6923076923
    },
    "Polarity":{
      "p":0.9659090909,
      "r":1.0,
      "f":0.9826589595
    },
    "Poss":{
      "p":0.0,
      "r":0.0,
      "f":0.0
    }
  },
  "sents_p":0.9722735675,
  "sents_r":0.9831775701,
  "sents_f":0.9776951673,
  "dep_uas":0.8221215125,
  "dep_las":0.7436623708,
  "dep_las_per_type":{
    "nmod":{
      "p":0.6617429838,
      "r":0.5670886076,
      "f":0.6107702795
    },
    "dep":{
      "p":0.6554307116,
      "r":0.6363636364,
      "f":0.6457564576
    },
    "compound":{
      "p":0.6861979167,
      "r":0.7784342688,
      "f":0.7294117647
    },
    "nsubj":{
      "p":0.6345381526,
      "r":0.6475409836,
      "f":0.6409736308
    },
    "case":{
      "p":0.921481985,
      "r":0.9205432937,
      "f":0.9210124002
    },
    "amod":{
      "p":0.6114583333,
      "r":0.7255871446,
      "f":0.6636517807
    },
    "obl":{
      "p":0.6493506494,
      "r":0.6678539626,
      "f":0.6584723442
    },
    "advcl":{
      "p":0.6632124352,
      "r":0.6124401914,
      "f":0.6368159204
    },
    "aux":{
      "p":0.96,
      "r":0.9588377724,
      "f":0.9594185342
    },
    "iobj":{
      "p":0.4155844156,
      "r":0.3404255319,
      "f":0.3742690058
    },
    "obj":{
      "p":0.6002766252,
      "r":0.581769437,
      "f":0.5908781484
    },
    "root":{
      "p":0.8576709797,
      "r":0.8672897196,
      "f":0.8624535316
    },
    "cc":{
      "p":0.7391304348,
      "r":0.7434402332,
      "f":0.7412790698
    },
    "conj":{
      "p":0.6603773585,
      "r":0.6796116505,
      "f":0.6698564593
    },
    "mark":{
      "p":0.8232848233,
      "r":0.8319327731,
      "f":0.8275862069
    },
    "det":{
      "p":0.7981651376,
      "r":0.75,
      "f":0.7733333333
    },
    "cop":{
      "p":0.8048780488,
      "r":0.5789473684,
      "f":0.6734693878
    },
    "acl":{
      "p":0.3170731707,
      "r":0.2063492063,
      "f":0.25
    },
    "acl:relcl":{
      "p":0.1707317073,
      "r":0.1060606061,
      "f":0.1308411215
    },
    "nummod":{
      "p":0.7872340426,
      "r":0.7805907173,
      "f":0.7838983051
    },
    "advmod":{
      "p":0.6134969325,
      "r":0.5102040816,
      "f":0.5571030641
    },
    "xcomp":{
      "p":1.0,
      "r":0.023255814,
      "f":0.0454545455
    },
    "dislocated":{
      "p":0.1666666667,
      "r":0.0357142857,
      "f":0.0588235294
    },
    "flat":{
      "p":0.0,
      "r":0.0,
      "f":0.0
    }
  },
  "speed":12250.053837279
}