{
  "token_acc":1.0,
  "token_p":0.999594841,
  "token_r":0.9997973794,
  "token_f":0.9996960999,
  "tag_acc":0.9005504339,
  "pos_acc":0.9214196468,
  "morph_acc":0.8093067234,
  "morph_micro_p":0.9289661937,
  "morph_micro_r":0.9229818389,
  "morph_micro_f":0.9259643475,
  "morph_per_feat":{
    "Case":{
      "p":0.8927105962,
      "r":0.879234518,
      "f":0.8859213127
    },
    "Gender":{
      "p":0.8924677899,
      "r":0.8898221344,
      "f":0.8911429985
    },
    "Number":{
      "p":0.9387214309,
      "r":0.9344910969,
      "f":0.9366014872
    },
    "Person":{
      "p":0.9650642414,
      "r":0.9599368179,
      "f":0.962493701
    },
    "AdpType":{
      "p":0.9872964169,
      "r":0.9850503737,
      "f":0.9861721165
    },
    "Aspect":{
      "p":0.9628942486,
      "r":0.9584487535,
      "f":0.9606663582
    },
    "VerbForm":{
      "p":0.9702917772,
      "r":0.9661912309,
      "f":0.9682371625
    },
    "Voice":{
      "p":0.8696939783,
      "r":0.8740079365,
      "f":0.871845621
    },
    "Polite":{
      "p":0.6574074074,
      "r":0.6454545455,
      "f":0.6513761468
    },
    "PronType":{
      "p":0.9347826087,
      "r":0.9126092385,
      "f":0.9235628553
    },
    "Mood":{
      "p":0.9703832753,
      "r":0.9636678201,
      "f":0.9670138889
    },
    "Tense":{
      "p":0.977818854,
      "r":0.9814471243,
      "f":0.9796296296
    },
    "Echo":{
      "p":0.0,
      "r":0.0,
      "f":0.0
    },
    "NumType":{
      "p":0.9233333333,
      "r":0.9141914191,
      "f":0.9187396352
    },
    "AdvType":{
      "p":0.6666666667,
      "r":0.6666666667,
      "f":0.6666666667
    },
    "Polarity":{
      "p":0.9659090909,
      "r":1.0,
      "f":0.9826589595
    },
    "Poss":{
      "p":1.0,
      "r":1.0,
      "f":1.0
    }
  },
  "sents_p":0.9703703704,
  "sents_r":0.9794392523,
  "sents_f":0.9748837209,
  "dep_uas":0.8327903683,
  "dep_las":0.7590382777,
  "dep_las_per_type":{
    "nmod":{
      "p":0.711725168,
      "r":0.603164557,
      "f":0.6529633436
    },
    "dep":{
      "p":0.6262626263,
      "r":0.6763636364,
      "f":0.6503496503
    },
    "compound":{
      "p":0.6676194365,
      "r":0.8050221566,
      "f":0.7299107143
    },
    "nsubj":{
      "p":0.6831955923,
      "r":0.6775956284,
      "f":0.6803840878
    },
    "case":{
      "p":0.9327846365,
      "r":0.9235993209,
      "f":0.9281692544
    },
    "amod":{
      "p":0.7390146471,
      "r":0.6860321384,
      "f":0.7115384615
    },
    "obl":{
      "p":0.6404669261,
      "r":0.732858415,
      "f":0.6835548173
    },
    "advcl":{
      "p":0.6113744076,
      "r":0.6172248804,
      "f":0.6142857143
    },
    "aux":{
      "p":0.9610231425,
      "r":0.9552058111,
      "f":0.9581056466
    },
    "iobj":{
      "p":0.3608247423,
      "r":0.3723404255,
      "f":0.3664921466
    },
    "obj":{
      "p":0.6976351351,
      "r":0.5536193029,
      "f":0.6173393124
    },
    "root":{
      "p":0.8685185185,
      "r":0.876635514,
      "f":0.8725581395
    },
    "cc":{
      "p":0.6956521739,
      "r":0.6997084548,
      "f":0.6976744186
    },
    "conj":{
      "p":0.5945330296,
      "r":0.6334951456,
      "f":0.6133960047
    },
    "mark":{
      "p":0.8466386555,
      "r":0.8466386555,
      "f":0.8466386555
    },
    "det":{
      "p":0.7619047619,
      "r":0.8275862069,
      "f":0.7933884298
    },
    "cop":{
      "p":0.7766990291,
      "r":0.701754386,
      "f":0.7373271889
    },
    "acl":{
      "p":0.6363636364,
      "r":0.2222222222,
      "f":0.3294117647
    },
    "acl:relcl":{
      "p":0.3333333333,
      "r":0.1818181818,
      "f":0.2352941176
    },
    "nummod":{
      "p":0.8162393162,
      "r":0.805907173,
      "f":0.8110403397
    },
    "advmod":{
      "p":0.6553672316,
      "r":0.5918367347,
      "f":0.6219839142
    },
    "xcomp":{
      "p":0.3333333333,
      "r":0.0465116279,
      "f":0.0816326531
    },
    "dislocated":{
      "p":0.5,
      "r":0.1428571429,
      "f":0.2222222222
    },
    "flat":{
      "p":0.0,
      "r":0.0,
      "f":0.0
    }
  },
  "speed":41007.7257321948
}